id,英文术语,当前中文译名（游戏）,教材/旧词库原译,音标,词典说明/卡片释义,出现章节,教材频次,来源,审查类型,词典依据
1,legal system,法律制度,法律制度,ˈligəl ˈsɪstəm,,"1,2,13,14",45,textbook,,
2,rule of law,法治,法治,rul əv lɔ,,"1,3",10,textbook,,
3,vigilante,私刑团体,私刑团体,ˌvɪʤəˈlænti,,1,2,textbook,,
4,civil disobedience,公民不服从；非暴力抵抗,公民不服从,ˈsɪvəl ˌdɪsəˈbidiəns,《元照》：非暴力抵抗。为抗议某一特定法律不公正而采取的违反法律行为。教材通行译名“公民不服从”保留。,1,4,textbook,contextual_supplement,civil disobedience 非暴力抵抗。
5,civil rights,公民权利；民权,公民权利；民权,ˈsɪvəl raɪts,,"1,14",2,textbook,,
6,vigilantism,私刑主义,私刑主义,ˌvɪʤəˈlæntɪzəm,,1,1,textbook,,
7,real property,不动产,不动产,ril ˈprɑpərti,,"1,2,11,12,13",13,textbook,,
8,freedom of expression,表达自由,表达自由,ˈfridəm əv ɪkˈsprɛʃən,,1,1,textbook,,
9,malum in se,自然犯,自然犯,,,"1,7",6,textbook,,
10,wrong in itself,本质上违法,本质上违法,rɔŋ ɪn ˌɪtˈsɛlf,,1,4,textbook,,
11,homicide,杀人,杀人,ˈhɑməˌsaɪd,,"1,2,7",4,textbook,,
12,arson,纵火,纵火,ˈɑrsən,,"1,7",2,textbook,,
13,theft,盗窃,盗窃,θɛft,,"1,14",2,textbook,,
14,malum prohibitum,法定犯,法定犯,,,"1,7",8,textbook,,
15,contract law,合同法,合同法,ˈkɑnˌtrækt lɔ,,"1,11,13,14",12,textbook,,
16,contract,合同；契约,合同；有效合同；买卖合同；合同法,ˈkɑnˌtrækt,《元照》：合同；契约。原词库中“合同法”“有效合同”“买卖合同”属于独立或下位概念，已从 bare contract 卡片移出。,"1,2,5,11,12,13,14",170,textbook,aggregation_cleanup,contract n. ①合同；契约。
17,due process,正当程序,正当程序,du ˈprɔˌsɛs,,"1,4,5,6,7,8,9,13,14",59,textbook,,
18,criminal law,刑法；刑事法律,刑法；实体刑法；程序刑法,ˈkrɪmənəl lɔ,《元照》：刑法；刑事法律。“实体刑法”“程序刑法”已由 substantive criminal law、procedural criminal law 独立表示。,"1,2,7,9,13,14",49,textbook,aggregation_cleanup,criminal law 刑法；刑事法律。
19,void for vagueness,因含糊而无效,因含糊而无效,vɔɪd fər ˈveɪgnɪs,,1,2,textbook,,
20,precedent,先例,先例,ˈprɛsɪdənt,,"1,2,3,4,5,6,13",36,textbook,,
21,statute,成文法；制定法,成文法；制定法,ˈstæʧut,,"1,2,3,5,6,13",57,textbook,,
22,due process of law,正当法律程序,正当法律程序,du ˈprɔˌsɛs əv lɔ,,"1,2,3,4,5,6,7,8,9,12",30,textbook,,
23,beyond a reasonable doubt,排除合理怀疑,排除合理怀疑,bɪɔnd ə ˈrizənəbəl daʊt,,"1,4,7,9",14,textbook,,
24,natural law,自然法,自然法,ˈnæʧərəl lɔ,,"1,2",19,textbook,,
25,majority rule,多数决定原则,多数决定原则,məˈʤɔrəti rul,,1,5,textbook,,
26,higher law,高级法,高级法,haɪər lɔ,,1,4,textbook,,
27,positive law,实在法,实在法,ˈpɑzətɪv lɔ,,"1,9",13,textbook,,
28,prohibition,禁酒令（教材语境）；禁审令；禁止令,禁酒令,ˌproʊəˈbɪʃən,《元照》：①禁审令；禁止令；②〈美〉禁酒。教材第一章的美国历史语境中“禁酒令”正确。,1,1,textbook,contextual_supplement,prohibition n. ①禁审令；禁止令……②〈美〉禁酒。
29,pari-mutuel,同注分彩,同注分彩,,,1,1,textbook,,
30,family law,家庭法,家庭法,ˈfæməli lɔ,,"1,13",9,textbook,,
31,substantive law,实体法,实体法,ˈsəbstəntɪv lɔ,,"1,2,3,4,7",10,textbook,,
32,procedural law,程序法,程序法,prəˈsiʤərəl lɔ,,"1,3,4,7",7,textbook,,
33,civil law,民法；大陆法系；民事法律；民事法,民法；大陆法系；民事法律；民事法,ˈsɪvəl lɔ,,"1,2,3,7",34,textbook,,
34,civil action,民事诉讼,民事诉讼,ˈsɪvəl ˈækʃən,,"1,7,9",6,textbook,,
35,divorce,离婚,离婚,dɪˈvɔrs,,"1,2,13",49,textbook,,
36,adultery,通奸,通奸,əˈdəltəri,,"1,2,13",6,textbook,,
37,constitution,宪法,宪法,ˌkɑnstəˈtuʃən,,"1,2,5,6,14",151,textbook,,
38,cruel and unusual punishment,酷刑；残酷和非常刑罚；残酷和非常的刑罚,酷刑；残酷和非常刑罚；残酷和非常的刑罚,kruəl ənd ənˈjuˌʒuəl ˈpənɪʃmənt,,"1,6,7",18,textbook,,
39,procedural due process,程序性正当程序；正当程序,程序性正当程序；正当程序,prəˈsiʤərəl du ˈprɔˌsɛs,,"1,4,6,7",13,textbook,,
40,bill of rights,权利法案,权利法案,bɪl əv raɪts,,"1,2,5,6",20,textbook,,
41,administrative law,行政法,行政法,ədˈmɪnɪˌstreɪtɪv lɔ,,"1,5,8,9",33,textbook,,
42,tort,侵权行为；侵权；侵权行为法；侵权法,侵权行为；侵权；侵权行为法；侵权法,tɔrt,,"1,2,3,4,5,9,10,11,12,13",38,textbook,,
43,liability insurance,责任保险,责任保险,ˌlaɪəˈbɪlɪti ˌɪnˈʃʊrəns,,1,1,textbook,,
44,damages,损害赔偿,损害赔偿,ˈdæmɪʤɪz,,"1,2,4,9,10,11,12,14",48,textbook,,
45,assault,殴击；威胁,殴击；威胁,əˈsɔlt,,"1,2,10",10,textbook,,
46,double jeopardy,双重危险；一事不再理,双重危险；一事不再理,ˈdəbəl ˈʤɛpərdi,,"1,4,7",7,textbook,,
47,judicial review,司法审查,司法审查,ʤuˈdɪʃəl ˌrivˈju,,"1,3,6,8,13",54,textbook,,
48,establishment clause,政教分离条款；禁止确立国教条款,政教分离条款；禁止确立国教条款；国教条款,ɪˈstæblɪʃmənt klɔz,《元照》：〈美〉政教分离条款。禁止政府确立某种宗教为国教；原“国教条款”简称已删除以避免方向性误解。,"1,5,6",11,textbook,ambiguous_label_cleanup,establishment clause（美）政教分离条款。
49,ordinance,条例,条例,ˈɔrdənəns,,"1,13,14",5,textbook,,
50,statutory law,制定法,制定法,ˈstæʧəˌtɔri lɔ,,"1,6,9",7,textbook,,
51,kill,杀,杀,kɪl,,1,1,textbook,,
52,murder,谋杀；一级谋杀,谋杀；一级谋杀,ˈmərdər,,"1,2,7",20,textbook,,
53,case law,判例法,判例法,keɪs lɔ,,"1,5,6,11",12,textbook,,
54,common law,普通法,普通法,ˈkɑmən lɔ,,"1,2,5,6,7,8,9,11,12,13",93,textbook,,
55,equity,衡平；衡平法,衡平；衡平法,ˈɛkwəti,,"1,11",3,textbook,,
56,common,普通,普通,ˈkɑmən,,1,1,textbook,,
57,rule of precedence,先例规则,先例规则,rul əv ˈprɛsədəns,,1,1,textbook,,
58,caveat emptor,买者自慎,买者自慎,ˈkeɪviˌæt ˈɛmptər,,1,2,textbook,,
59,takings clause,征收条款,征收条款,ˈteɪkɪŋz klɔz,,"1,9",9,textbook,,
60,trespass,非法侵入；侵入,非法侵入；侵入,ˈtrɛˌspæs,,"1,7,10",7,textbook,,
61,tax-exempt,免税,免税,,,1,9,textbook,,
62,charitable deduction,慈善捐赠扣除,慈善捐赠扣除,ˈʧɛrətəbəl dɪˈdəkʃən,,1,2,textbook,,
63,IRS,国内税务署,国内税务署,ˈaɪˌɑˈrɛs,,1,1,textbook,,
64,revenue ruling,税收裁定,税收裁定,ˈrɛvəˌnu ˈrulɪŋ,,1,5,textbook,,
65,free exercise clause,宗教活动自由条款；信教自由条款,宗教活动自由条款；信教自由条款,fri ˈɛksərˌsaɪz klɔz,,"1,2,6",5,textbook,,
66,free exercise,宗教活动自由,宗教活动自由,fri ˈɛksərˌsaɪz,,1,1,textbook,,
67,tort law,侵权法,侵权法,tɔrt lɔ,,"2,10,11",17,textbook,,
68,monetary damages,金钱损害赔偿,金钱损害赔偿,ˈmɑnəˌtɛri ˈdæmɪʤɪz,,"10,11",3,textbook,,
69,negligence,过失,过失,ˈnɛglɪʤəns,,"4,10",33,textbook,,
70,tortfeasor,侵权行为人,侵权行为人,,,10,17,textbook,,
71,strict liability,严格责任,严格责任,strɪkt ˌlaɪəˈbɪlɪti,,10,9,textbook,,
72,product liability,产品责任,产品责任,ˈprɑdəkt ˌlaɪəˈbɪlɪti,,10,4,textbook,,
73,duty of care,注意义务,注意义务,ˈduti əv kɛr,,10,4,textbook,,
74,proximate cause,近因,近因,ˈprɑksəmət kɔz,,"7,10",6,textbook,,
75,prima facie case,初步证据成立的案件；表面证据确凿的案件,初步证据成立的案件；表面证据确凿的案件,ˈprimə ˈfeɪsi keɪs,,"4,10",8,textbook,,
76,reasonably prudent person,合理谨慎之人,合理谨慎之人,ˈrizənəbli ˈprudənt ˈpərsən,,10,1,textbook,,
77,malpractice suit,专业失职之诉；医疗过失诉讼,专业失职之诉；医疗过失诉讼,mælˈpræktɪs sut,,"10,14",3,textbook,,
78,trespassers,侵入者,侵入者,,,10,1,textbook,,
79,breach of duty,违反义务,违反义务,briʧ əv ˈduti,,10,1,textbook,,
80,commission,作为,作为,kəˈmɪʃən,,10,2,textbook,,
81,omission,不作为,不作为,oʊˈmɪʃən,,10,2,textbook,,
82,negligence per se,法律上的当然过失,法律上的当然过失,ˈnɛglɪʤəns pər seɪ,,10,1,textbook,,
83,res ipsa loquitur,事情本身说明,事情本身说明,,,10,1,textbook,,
84,wrongful death suit,不法致死之诉,不法致死之诉,ˈrɔŋfəl dɛθ sut,,10,2,textbook,,
85,negligent,过失,过失,ˈnɛglɪʤənt,,10,2,textbook,,
86,contributory negligence,混合过失,混合过失,kənˈtrɪbjəˌtɔri ˈnɛglɪʤəns,,10,3,textbook,,
87,comparative negligence,比较过失,比较过失,kəmˈpærətɪv ˈnɛglɪʤəns,,"4,10",4,textbook,,
88,assault and battery,威胁与殴击,威胁与殴击,əˈsɔlt ənd ˈbætəri,,10,2,textbook,,
89,false imprisonment,非法拘禁,非法拘禁,fɔls ˌɪmˈprɪzənmənt,,10,4,textbook,,
90,intentional tort,故意侵权行为,故意侵权行为,ˌɪnˈtɛnʃənəl tɔrt,,10,14,textbook,,
91,battery,殴击,殴击,ˈbætəri,,10,7,textbook,,
92,infliction of mental distress,故意施加精神痛苦,故意施加精神痛苦,ˌɪnˈflɪkʃən əv ˈmɛntəl dɪˈstrɛs,,10,1,textbook,,
93,invasion of privacy,隐私侵犯,隐私侵犯,ˌɪnˈveɪʒən əv ˈpraɪvəsi,,10,3,textbook,,
94,privacy,隐私；隐私权,隐私；隐私权,ˈpraɪvəsi,,"10,13",6,textbook,,
95,right to privacy,隐私权,隐私权,raɪt tɪ ˈpraɪvəsi,,"10,12",2,textbook,,
96,false light,虚假形象,虚假形象,fɔls laɪt,,10,2,textbook,,
97,defamation,诽谤,诽谤,ˌdɛfəˈmeɪʃən,,10,8,textbook,,
98,slander,口头诽谤,口头诽谤,sˈlændər,,10,1,textbook,,
99,libel,书面诽谤；诽谤,书面诽谤；诽谤,ˈlaɪbɛl,,"6,10",8,textbook,,
100,public figures,公众人物,公众人物,ˈpəblɪk ˈfɪgjərz,,10,1,textbook,,
101,veggie libel,蔬菜诽谤,蔬菜诽谤,ˈvɛʤi ˈlaɪbɛl,,10,1,textbook,,
102,intentional torts against property,故意侵权行为,故意侵权行为,ˌɪnˈtɛnʃənəl tɔrts əˈgɛnst ˈprɑpərti,,10,1,textbook,,
103,conversion,侵占,侵占,kənˈvərʒən,,10,4,textbook,,
104,nuisance,妨害,妨害,ˈnusəns,,"9,10",9,textbook,,
105,trespass to land,侵入他人土地,侵入他人土地,ˈtrɛˌspæs tɪ lænd,,10,1,textbook,,
106,injunction,禁制令；禁令,禁制令；禁令,ˌɪnˈʤəŋʃən,,"2,5,7,9,10,11,13,14",21,textbook,,
107,trespass to chattel,侵害他人动产,侵害他人动产,ˈtrɛˌspæs tɪ ˈʧætəl,,10,4,textbook,,
108,economic torts,经济侵权,经济侵权,ˌɛkəˈnɑmɪk tɔrts,,10,1,textbook,,
109,unjust enrichment,不当得利,不当得利,ənˈʤəst ɪnˈrɪʧmənt,,10,1,textbook,,
110,unfair competition or interference with commercial or economic relations,不正当竞争或对商业、经济关系的干扰,不正当竞争或对商业、经济关系的干扰,ˌɔnˈfɛr ˌkɑmpəˈtɪʃən ər ˌɪnərˈfɪrəns wɪθ kəˈmərʃəl ər ˌɛkəˈnɑmɪk riˈleɪʃənz,,10,1,textbook,,
111,trademark infringement,商标侵权,商标侵权,ˈtreɪdˌmɑrk ˌɪnˈfrɪnʤmənt,,10,1,textbook,,
112,warranty,担保,担保,ˈwɔrənti,,"10,11,12",12,textbook,,
113,punitive damages,惩罚性损害赔偿；惩罚性赔偿,惩罚性损害赔偿；惩罚性赔偿,ˈpjunətɪv ˈdæmɪʤɪz,,"4,9,10,11,12",10,textbook,,
114,general tort defenses,一般侵权抗辩,一般侵权抗辩,ˈʤɛnərəl tɔrt dɪˈfɛnsɪz,,10,1,textbook,,
115,vicarious liability,替代责任,替代责任,vaɪˈkɛriəs ˌlaɪəˈbɪlɪti,,"10,11",3,textbook,,
116,respondeat superior,雇主转承责任,雇主转承责任,,,10,1,textbook,,
117,negligent torts,过失侵权行为,过失侵权行为,ˈnɛglɪʤənt tɔrts,,10,1,textbook,,
118,sovereign immunity,主权豁免,主权豁免,ˈsɑvrən ˌɪmˈjunɪti,,10,1,textbook,,
119,enforce,强制执行,强制执行,ɛnˈfɔrs,,11,6,textbook,,
120,agreement,协议,协议,əˈgrimənt,,"11,12,13,14",38,textbook,,
121,promise,允诺,允诺,ˈprɑməs,,"11,12",12,textbook,,
122,remedy,救济,救济,ˈrɛmədi,,"2,5,9,11",33,textbook,,
123,performance,履行,履行,pərˈfɔrməns,,11,1,textbook,,
124,duty,义务,义务,ˈduti,,11,1,textbook,,
125,implied,默示,默示,ˌɪmˈplaɪd,,11,2,textbook,,
126,specific performance order,特定履行令,特定履行令,spɪˈsɪfɪk pərˈfɔrməns ˈɔrdər,,11,1,textbook,,
127,obligation of contracts,合同义务,合同义务,ˌɑbləˈgeɪʃən əv ˈkɑnˌtrækts,,11,1,textbook,,
128,freedom of contract,契约自由,契约自由,ˈfridəm əv ˈkɑnˌtrækt,,11,2,textbook,,
129,corporation,公司；法人,公司；法人,ˌkɔrpərˈeɪʃən,,"5,11",24,textbook,,
130,employment contract,雇佣合同,雇佣合同,ɪmˈplɔɪmənt ˈkɑnˌtrækt,,11,2,textbook,,
131,workers' compensation,工伤赔偿,工伤赔偿,ˈwərkərz' ˌkɑmpənˈseɪʃən,,11,1,textbook,,
132,administrative agency,行政机关,行政机关,ədˈmɪnɪˌstreɪtɪv ˈeɪʤənsi,,11,2,textbook,,
133,sales,买卖,买卖,seɪlz,,11,2,textbook,,
134,credit,信贷,信贷,ˈkrɛdɪt,,11,1,textbook,,
135,employment,雇佣,雇佣,ɪmˈplɔɪmənt,,11,1,textbook,,
136,commercial transaction,商事交易,商事交易,kəˈmərʃəl trænˈzækʃən,,11,6,textbook,,
137,terms of art,专门术语,专门术语,tərmz əv ɑrt,,11,1,textbook,,
138,express contract,明示合同,明示合同,ɪkˈsprɛs ˈkɑnˌtrækt,,11,2,textbook,,
139,implied contract,默示合同,默示合同,ˌɪmˈplaɪd ˈkɑnˌtrækt,,11,3,textbook,,
140,bilateral contract,双务合同,双务合同,baɪˈlætərəl ˈkɑnˌtrækt,,11,2,textbook,,
141,unilateral contract,单务合同,单务合同,ˌjunəˈlætərəl ˈkɑnˌtrækt,,11,2,textbook,,
142,executory contract,待履行合同,待履行合同,,,11,2,textbook,,
143,executed contract,已履行合同,已履行合同,ˈɛksəˌkjutɪd ˈkɑnˌtrækt,,11,2,textbook,,
144,void contract,无效合同,无效合同,vɔɪd ˈkɑnˌtrækt,,11,2,textbook,,
145,voidable contract,可撤销合同,可撤销合同,,,11,2,textbook,,
146,unenforceable contract,不可强制执行合同,不可强制执行合同,ˌənɛnˈfɔrsəbəl ˈkɑnˌtrækt,,11,2,textbook,,
147,oral contract,口头合同,口头合同,ˈɔrəl ˈkɑnˌtrækt,,11,4,textbook,,
148,written contract,书面合同,书面合同,ˈrɪtən ˈkɑnˌtrækt,,11,4,textbook,,
149,evidence,证据,证据,ˈɛvədəns,,"3,4,11",90,textbook,,
150,offer,要约,要约,ˈɔfər,,11,22,textbook,,
151,void,无效,无效,vɔɪd,,"11,12,13",12,textbook,,
152,voidable,可撤销,可撤销,,,"11,13",6,textbook,,
153,unenforceable,不可强制执行；强制执行；不可执行,不可强制执行；强制执行；不可执行,ˌənɛnˈfɔrsəbəl,,"11,13",6,textbook,,
154,breach of contract,违反合同,违反合同,briʧ əv ˈkɑnˌtrækt,,"3,11",10,textbook,,
155,nullity,自始无效,自始无效,,,11,1,textbook,,
156,disaffirm,撤销,撤销,,,11,2,textbook,,
157,rescind,解除,解除,rɪˈsɪnd,,11,1,textbook,,
158,notary public,公证人,公证人,ˈnoʊtəri ˈpəblɪk,,"11,12",2,textbook,,
159,party,当事人,当事人,ˈpɑrti,,"3,11,13",34,textbook,,
160,legal capacity,行为能力,行为能力,ˈligəl kəˈpæsɪti,,"11,13",8,textbook,,
161,acceptance,承诺,承诺,əkˈsɛptəns,,11,13,textbook,,
162,consent,合意；同意,合意；同意,kənˈsɛnt,,"3,11",2,textbook,,
163,consideration,对价,对价,kənˌsɪdərˈeɪʃən,,"11,12",18,textbook,,
164,obligation,义务,义务,ˌɑbləˈgeɪʃən,,11,1,textbook,,
165,genuine assent,真实合意,真实合意,ˈʤɛnjuˌaɪn əˈsɛnt,,11,2,textbook,,
166,statute of frauds,防止欺诈法；反欺诈法,防止欺诈法；反欺诈法,ˈstæʧut əv frɔdz,,"11,12,13",8,textbook,,
167,legally enforceable,法律强制执行力,法律强制执行力,ˈligəli ɛnˈfɔrsəbəl,,11,1,textbook,,
168,natural person,自然人,自然人,ˈnæʧərəl ˈpərsən,,11,1,textbook,,
169,legal fiction,法律拟制,法律拟制,ˈligəl ˈfɪkʃən,,11,1,textbook,,
170,business transaction,商事交易,商事交易,ˈbɪznɪs trænˈzækʃən,,11,3,textbook,,
171,shareholder,股东,股东,ˈʃɛˌrhoʊldər,,11,8,textbook,,
172,incapacity,行为能力,行为能力,ˌɪnkəˈpæsəti,,11,1,textbook,,
173,infant,未成年人,未成年人,ˈɪnfənt,,11,2,textbook,,
174,minor,未成年人,未成年人,ˈmaɪnər,,11,8,textbook,,
175,necessities,必需品,必需品,nəˈsɛsɪtiz,,11,1,textbook,,
176,contract price,合同价格,合同价格,ˈkɑnˌtrækt praɪs,,11,3,textbook,,
177,emancipation,解放；成年独立,解放；成年独立,ɪˌmænsəˈpeɪʃən,,"11,13",3,textbook,,
178,court order,法院命令,法院命令,kɔrt ˈɔrdər,,"11,12,13",19,textbook,,
179,mental competency,心智能力,心智能力,ˈmɛntəl ˈkɑmpətɪnsi,,11,1,textbook,,
180,capacity,行为能力,行为能力,kəˈpæsɪti,,11,2,textbook,,
181,mental capacity to contract,心智能力,心智能力,ˈmɛntəl kəˈpæsɪti tɪ ˈkɑnˌtrækt,,11,1,textbook,,
182,contractual relationship,合同关系,合同关系,kənˈtrækʧuəl riˈleɪʃənˌʃɪp,,11,2,textbook,,
183,legal capacity to contract,行为能力,行为能力,ˈligəl kəˈpæsɪti tɪ ˈkɑnˌtrækt,,11,1,textbook,,
184,contractual obligation,合同义务,合同义务,kənˈtrækʧuəl ˌɑbləˈgeɪʃən,,11,3,textbook,,
185,competent,行为能力,行为能力,ˈkɑmpətɪnt,,11,1,textbook,,
186,mutual assent,真实合意；合意,真实合意；合意,mˈjuʧuəl əˈsɛnt,,"11,13",13,textbook,,
187,meeting of the minds,意思表示一致,意思表示一致,ˈmitɪŋ əv ðə maɪndz,,11,1,textbook,,
188,mutual agreement,协议,协议,mˈjuʧuəl əˈgrimənt,,11,1,textbook,,
189,objective standard,客观标准,客观标准,əˈbʤɛktɪv ˈstændərd,,11,1,textbook,,
190,subjective intent,主观意图,主观意图,səˈbʤɛktɪv ˌɪnˈtɛnt,,11,1,textbook,,
191,judicial construction,司法解释,司法解释,ʤuˈdɪʃəl kənˈstrəkʃən,,11,1,textbook,,
192,mutual mistake,共同错误,共同错误,mˈjuʧuəl mɪˈsteɪk,,11,1,textbook,,
193,WTC,世贸中心,世贸中心,,,11,1,textbook,,
194,insurance binder,暂保单,暂保单,ˌɪnˈʃʊrəns ˈbaɪndər,,11,1,textbook,,
195,per occurrence,每次事故,每次事故,pər əˈkərəns,,11,3,textbook,,
196,jury,陪审团,陪审团,ˈʤʊri,,"2,3,4,7,11,12,13",84,textbook,,
197,homeowners' insurance,住宅保险,住宅保险,ˈhoʊˌmoʊnərz' ˌɪnˈʃʊrəns,,11,1,textbook,,
198,reasonable person,理性人,理性人,ˈrizənəbəl ˈpərsən,,11,1,textbook,,
199,pension plan,养老金计划,养老金计划,ˈpɛnʃən plæn,,11,1,textbook,,
200,no-cut provision,不得裁减条款,不得裁减条款,,,11,1,textbook,,
201,offeree,受要约人,受要约人,,,11,2,textbook,,
202,offeror,要约人,要约人,,,11,4,textbook,,
203,duress,强迫；胁迫,强迫；胁迫,ˈdʊrɛs,,"7,11,12,13",11,textbook,,
204,undue influence,不当影响,不当影响,ənˈdu ˈɪnfluəns,,"11,12",6,textbook,,
205,fraud,欺诈,欺诈,frɔd,,"11,12,13",12,textbook,,
206,innocent misrepresentation,善意虚假陈述,善意虚假陈述,ˈɪnəsənt mɪsˌrɛprɪzɛnˈteɪʃən,,11,2,textbook,,
207,mistake,错误,错误,mɪˈsteɪk,,11,3,textbook,,
208,gift,赠与,赠与,gɪft,,"11,12,13",9,textbook,,
209,beneficiary,受益人,受益人,ˌbɛnəˈfɪʃiˌɛri,,"11,12",7,textbook,,
210,trustee,受托人,受托人,ˌtrəˈsti,,"11,12",8,textbook,,
211,power of attorney,授权书,授权书,paʊər əv əˈtərni,,"11,12",3,textbook,,
212,fraudulent misrepresentation,欺诈性虚假陈述,欺诈性虚假陈述,ˈfrɔʤələnt mɪsˌrɛprɪzɛnˈteɪʃən,,11,1,textbook,,
213,contractual term,合同条款,合同条款,kənˈtrækʧuəl tərm,,11,5,textbook,,
214,invitation to treat,要约邀请,要约邀请,ˌɪnvɪˈteɪʃən tɪ trit,,11,1,textbook,,
215,hostile takeover,恶意收购,恶意收购,ˈhɑstəl ˈteɪˌkoʊvər,,11,1,textbook,,
216,revocation,撤销,撤销,ˌrɛvəˈkeɪʃən,,11,2,textbook,,
217,retraction,撤回,撤回,riˈtrækʃən,,11,1,textbook,,
218,third-party beneficiary,第三方受益人,第三方受益人,,,11,2,textbook,,
219,third-party beneficiary contract,合同,合同,,,11,1,textbook,,
220,intended beneficiary,预期受益人,预期受益人,ˌɪnˈtɛndɪd ˌbɛnəˈfɪʃiˌɛri,,11,1,textbook,,
221,past consideration,对价,对价,pæst kənˌsɪdərˈeɪʃən,,11,1,textbook,,
222,detriment,损害,损害,ˈdɛtrəmənt,,11,2,textbook,,
223,hole-in-one,一杆进洞,一杆进洞,,,11,1,textbook,,
224,contractual interest,合同利益,合同利益,kənˈtrækʧuəl ˈɪntəˌrɛst,,11,1,textbook,,
225,obligor,债务人；义务人,债务人；义务人,,,"11,13",4,textbook,,
226,assign,转让,转让,əˈsaɪn,,"11,12",4,textbook,,
227,assignment,转让,转让,əˈsaɪnmənt,,11,2,textbook,,
228,not assignable,转让,转让,,,11,1,textbook,,
229,breach of contract suit,违反合同之诉,违反合同之诉,briʧ əv ˈkɑnˌtrækt sut,,11,2,textbook,,
230,contractual duty,合同义务,合同义务,kənˈtrækʧuəl ˈduti,,11,1,textbook,,
231,defense,抗辩,抗辩,dɪˈfɛns,,"5,10,11,13",10,textbook,,
232,repudiation,拒绝履行,拒绝履行,rɪˌpjudiˈeɪʃən,,11,4,textbook,,
233,impossibility of performance,履行不能,履行不能,ˌɪmˌpɔsɪˈbɪlɪti əv pərˈfɔrməns,,11,1,textbook,,
234,repudiate,拒绝履行,拒绝履行,riˈpjudiˌeɪt,,11,1,textbook,,
235,material mistake of fact,重大事实错误,重大事实错误,məˈtɪriəl mɪˈsteɪk əv fækt,,11,1,textbook,,
236,duty to read,阅读义务,阅读义务,ˈduti tɪ rɛd,,11,2,textbook,,
237,warranty term,担保条款,担保条款,ˈwɔrənti tərm,,11,1,textbook,,
238,arbitration,仲裁,仲裁,ˌɑrbɪˈtreɪʃən,,"2,4,11",6,textbook,,
239,class action,集体诉讼；集团诉讼,集体诉讼；集团诉讼,klæs ˈækʃən,,"5,11",4,textbook,,
240,enforceable,强制执行,强制执行,ɛnˈfɔrsəbəl,,11,3,textbook,,
241,nullify,无效,无效,ˈnələˌfaɪ,,11,2,textbook,,
242,tort remedy,救济,救济,tɔrt ˈrɛmədi,,11,1,textbook,,
243,misrepresentation,虚假陈述,虚假陈述,mɪsˌrɛprɪzɛnˈteɪʃən,,11,1,textbook,,
244,remedies for breach of contract,违反合同的救济,违反合同的救济,ˈrɛmədiz fər briʧ əv ˈkɑnˌtrækt,,11,1,textbook,,
245,liquidated damages,约定违约金,约定违约金,ˈlɪkwɪˌdeɪtɪd ˈdæmɪʤɪz,,11,1,textbook,,
246,compensatory damages,补偿性损害赔偿,补偿性损害赔偿,kəmˈpɛnsəˌtɔri ˈdæmɪʤɪz,,11,1,textbook,,
247,breach,违反合同；违反；违约,违反合同；违反；违约,briʧ,,"2,11",7,textbook,,
248,mitigation,减损,减损,ˌmɪtɪˈgeɪʃən,,11,2,textbook,,
249,promissory estoppel,允诺性禁反言,允诺性禁反言,,,11,2,textbook,,
250,promisee,受允诺人,受允诺人,,,11,1,textbook,,
251,promisor,允诺人,允诺人,,,11,3,textbook,,
252,gratuitous promise,允诺,允诺,grəˈtuətəs ˈprɑməs,,11,1,textbook,,
253,deed,契据,契据,did,,"11,12",13,textbook,,
254,specific performance,特定履行,特定履行,spɪˈsɪfɪk pərˈfɔrməns,,"2,11",6,textbook,,
255,rules of construction,解释规则,解释规则,rulz əv kənˈstrəkʃən,,11,1,textbook,,
256,interest in land,土地权益,土地权益,ˈɪntəˌrɛst ɪn lænd,,11,1,textbook,,
257,lien,留置权,留置权,lin,,"11,12,13",13,textbook,,
258,prenuptial agreement,婚前协议,婚前协议,priˈnəpʃəl əˈgrimənt,,"11,13",4,textbook,,
259,surety,保证,保证,ˈʃʊrəti,,11,1,textbook,,
260,executor,遗嘱执行人,遗嘱执行人,ɪgˈzɛkjətər,,"11,12",2,textbook,,
261,"uniform commercial code, UCC",统一商法典,统一商法典,,,11,2,textbook,,
262,uniform electronic transactions act,统一电子交易法,统一电子交易法,ˈjunəˌfɔrm ˌɪˌlɛkˈtrɑnɪk trænˈzækʃənz ækt,,11,1,textbook,,
263,parol evidence rule,口头证据规则,口头证据规则,,,11,4,textbook,,
264,oral agreement,口头协议,口头协议,ˈɔrəl əˈgrimənt,,11,1,textbook,,
265,discovery,证据开示；披露,证据开示；披露,ˌdɪˈskəvri,,"4,5,8,11",17,textbook,,
266,contract suit,合同之诉,合同之诉,ˈkɑnˌtrækt sut,,11,1,textbook,,
267,uniform commercial code,统一商法典,统一商法典,ˈjunəˌfɔrm kəˈmərʃəl koʊd,,11,1,textbook,,
268,"united nations convention for international sale of goods, CISG",联合国国际货物销售合同公约,联合国国际货物销售合同公约,,,11,1,textbook,,
269,national conference of commissioners on uniform state laws,全国统一州法委员会,全国统一州法委员会,ˈnæʃənəl ˈkɑnfərəns əv kəˈmɪʃənərz ɔn ˈjunəˌfɔrm steɪt lɔz,,11,1,textbook,,
270,american law institute,美国法律研究院,美国法律研究院,əˈmɛrɪkən lɔ ˈɪnstɪˌtut,,11,1,textbook,,
271,UCC,统一商法典,统一商法典,,,"11,12",21,textbook,,
272,general provisions,总则,总则,ˈʤɛnərəl prəˈvɪʒənz,,11,1,textbook,,
273,negotiable instruments,票据,票据,nəˈgoʊʃəbəl ˈɪnstrəmənts,,11,1,textbook,,
274,bank deposits,银行存款,银行存款,bæŋk dɪˈpɑzəts,,11,1,textbook,,
275,funds transfer,资金划转,资金划转,fəndz ˈtrænsfər,,11,1,textbook,,
276,letters of credit,信用证,信用证,ˈlɛtərz əv ˈkrɛdɪt,,11,1,textbook,,
277,bulk transfers and bulk sales,大宗转让与大宗销售,大宗转让与大宗销售,bəlk ˈtrænsfərz ənd bəlk seɪlz,,11,1,textbook,,
278,warehouse receipts,仓单,仓单,ˈwɛˌrhaʊs rɪˈsits,,11,1,textbook,,
279,bills of lading,提单,提单,bɪlz əv ˈleɪdɪŋ,,11,1,textbook,,
280,other documents of title,所有权凭证,所有权凭证,ˈəðər ˈdɑkjəmənts əv ˈtaɪtəl,,11,1,textbook,,
281,investment securities,投资证券,投资证券,ˌɪnˈvɛstmənt sɪˈkjʊrətiz,,11,2,textbook,,
282,secured transactions,担保交易,担保交易,sɪˈkjʊrd trænˈzækʃənz,,11,2,textbook,,
283,personal property,动产,动产,ˈpərsɪnəl ˈprɑpərti,,"11,12",10,textbook,,
284,default,违约,违约,dɪˈfɔlt,,11,1,textbook,,
285,collateral,担保物,担保物,kəˈlætərəl,,"11,12,13",4,textbook,,
286,sale of goods,货物买卖,货物买卖,seɪl əv gʊdz,,11,1,textbook,,
287,contract for the sale of goods,买卖合同,买卖合同,ˈkɑnˌtrækt fər ðə seɪl əv gʊdz,,11,1,textbook,,
288,goods,货物,货物,gʊdz,,11,2,textbook,,
289,things in action,诉权,诉权,θɪŋz ɪn ˈækʃən,,11,1,textbook,,
290,contract for sale,买卖合同,买卖合同,ˈkɑnˌtrækt fər seɪl,,11,1,textbook,,
291,realty,不动产,不动产,ˈriəlˌti,,"11,12",8,textbook,,
292,counteroffer,反要约,反要约,ˈkaʊntərˌɔfər,,11,1,textbook,,
293,assurance,保证,保证,əˈʃʊrəns,,11,1,textbook,,
294,warrant,担保；保证；搜查证；逮捕证,担保；保证；搜查证；逮捕证,ˈwɔrənt,,"7,8,11,12",20,textbook,,
295,title,所有权,所有权,ˈtaɪtəl,,"11,12",30,textbook,,
296,ownership,所有权,所有权,ˈoʊnərˌʃɪp,,"11,12,13",4,textbook,,
297,guarantee,保证,保证,ˌgɛrənˈti,,"11,12",2,textbook,,
298,express,明示,明示,ɪkˈsprɛs,,11,1,textbook,,
299,express warranty,明示担保,明示担保,ɪkˈsprɛs ˈwɔrənti,,11,1,textbook,,
300,implied warranty,默示担保,默示担保,ˌɪmˈplaɪd ˈwɔrənti,,11,3,textbook,,
301,implied warranty of merchantability,适销性默示担保,适销性默示担保,,,11,2,textbook,,
302,contract action,合同之诉,合同之诉,ˈkɑnˌtrækt ˈækʃən,,11,1,textbook,,
303,merchantable goods,货物,货物,,,11,1,textbook,,
304,implied warranty of fitness,适用性默示担保,适用性默示担保,ˌɪmˈplaɪd ˈwɔrənti əv ˈfɪtnəs,,11,3,textbook,,
305,incidental damages,附带损害赔偿,附带损害赔偿,ˌɪnsɪˈdɛntəl ˈdæmɪʤɪz,,11,1,textbook,,
306,consumer law,消费者法,消费者法,kənˈsumər lɔ,,11,3,textbook,,
307,regulate commerce,商事,商事,ˈrɛgjəˌleɪt ˈkɑmərs,,11,1,textbook,,
308,general welfare,公共福利,公共福利,ˈʤɛnərəl ˈwɛlˌfɛr,,"11,12",2,textbook,,
309,SEC,证券交易委员会,证券交易委员会,sɛk,,11,1,textbook,,
310,FAA,联邦航空局,联邦航空局,,,"8,11",5,textbook,,
311,FDA,食品药品局,食品药品局,,,11,1,textbook,,
312,statutory remedy,救济,救济,ˈstæʧəˌtɔri ˈrɛmədi,,11,1,textbook,,
313,deceptive trade practices statute,欺诈性贸易行为法,欺诈性贸易行为法,dɪˈsɛptɪv treɪd ˈpræktɪsɪz ˈstæʧut,,11,1,textbook,,
314,bait and switch,诱饵调包,诱饵调包,beɪt ənd swɪʧ,,11,1,textbook,,
315,Credit Card Accountability Responsibility and Disclosure Act,信用卡问责、责任与披露法,信用卡问责、责任与披露法,ˈkrɛdɪt kɑrd əˈkaʊntəˌbɪlɪti riˌspɑnsəˈbɪləti ənd dɪˈskloʊʒər ækt,,11,1,textbook,,
316,unconscionable,显失公平,显失公平,ənˈkɑnʃənəbəl,,11,2,textbook,,
317,unconscionability,显失公平,显失公平,,,11,2,textbook,,
318,unconscionably,显失公平,显失公平,,,11,1,textbook,,
319,sole proprietorship,独资企业,独资企业,soʊl prəˈpraɪətərˌʃɪp,,11,5,textbook,,
320,tort liability,侵权责任,侵权责任,tɔrt ˌlaɪəˈbɪlɪti,,11,2,textbook,,
321,partnership,合伙,合伙,ˈpɑrtnərˌʃɪp,,11,10,textbook,,
322,partnership agreement,合伙协议,合伙协议,ˈpɑrtnərˌʃɪp əˈgrimənt,,11,2,textbook,,
323,indemnification,补偿,补偿,ˌɪnˌdɛmnəfɪˈkeɪʃən,,11,1,textbook,,
324,uniform partnership act,统一合伙法,统一合伙法,ˈjunəˌfɔrm ˈpɑrtnərˌʃɪp ækt,,11,1,textbook,,
325,uniform limited partnership act,统一有限合伙法,统一有限合伙法,ˈjunəˌfɔrm ˈlɪmɪtɪd ˈpɑrtnərˌʃɪp ækt,,11,1,textbook,,
326,general partnership,普通合伙,普通合伙,ˈʤɛnərəl ˈpɑrtnərˌʃɪp,,11,2,textbook,,
327,silent partner,隐名合伙人,隐名合伙人,ˈsaɪlənt ˈpɑrtnər,,11,1,textbook,,
328,individual and joint liability,个人及连带责任,个人及连带责任,ˌɪndəˈvɪʤəwəl ənd ʤɔɪnt ˌlaɪəˈbɪlɪti,,11,1,textbook,,
329,limited partnership,有限合伙,有限合伙,ˈlɪmɪtɪd ˈpɑrtnərˌʃɪp,,11,3,textbook,,
330,uniform limited liability company act,统一有限责任公司法,统一有限责任公司法,ˈjunəˌfɔrm ˈlɪmɪtɪd ˌlaɪəˈbɪlɪti ˈkəmpəˌni ækt,,11,1,textbook,,
331,limited liability,有限责任,有限责任,ˈlɪmɪtɪd ˌlaɪəˈbɪlɪti,,11,2,textbook,,
332,charter,特许,特许,ˈʧɑrtər,,11,1,textbook,,
333,stockholder,股东,股东,ˈstɑˌkhoʊldər,,11,3,textbook,,
334,closely held corporation,封闭持有公司,封闭持有公司,ˈkloʊsli hɛld ˌkɔrpərˈeɪʃən,,11,3,textbook,,
335,professional corporation,专业公司,专业公司,prəˈfɛʃənəl ˌkɔrpərˈeɪʃən,,11,2,textbook,,
336,malpractice,渎职；医疗过失,渎职；医疗过失,mælˈpræktɪs,,"5,11",3,textbook,,
337,dividend,股息,股息,ˈdɪvɪˌdɛnd,,11,3,textbook,,
338,stock split,股票分割,股票分割,stɑk splɪt,,11,1,textbook,,
339,common shares,普通股,普通股,ˈkɑmən ʃɛrz,,11,1,textbook,,
340,preferred stock,优先股,优先股,prɪˈfərd stɑk,,11,1,textbook,,
341,piercing of the corporate veil,刺破公司面纱,刺破公司面纱,ˈpɪrsɪŋ əv ðə ˈkɔrpərət veɪl,,11,1,textbook,,
342,director,董事,董事,dɪˈrɛktər,,11,2,textbook,,
343,obstruction of justice,妨碍司法,妨碍司法,əbˈstrəkʃən əv ˈʤəstɪs,,11,1,textbook,,
344,indemnity,补偿,补偿,ˌɪnˈdɛmnɪti,,11,1,textbook,,
345,malpractice insurance,渎职保险；医疗过失保险,渎职保险；医疗过失保险,mælˈpræktɪs ˌɪnˈʃʊrəns,,"11,14",2,textbook,,
346,CEO,首席执行官,首席执行官,ˈsiˌiˈoʊ,,11,1,textbook,,
347,limited liability company,有限责任公司,有限责任公司,ˈlɪmɪtɪd ˌlaɪəˈbɪlɪti ˈkəmpəˌni,,11,2,textbook,,
348,compact,契约,契约,ˈkɑmpækt,,11,1,textbook,,
349,Am. Jur.,美国法律大全,美国法律大全,,,11,1,textbook,,
350,CISG,联合国国际货物销售合同公约,联合国国际货物销售合同公约,,,11,1,textbook,,
351,warranty of title,所有权担保,所有权担保,ˈwɔrənti əv ˈtaɪtəl,,11,1,textbook,,
352,property,财产,财产,ˈprɑpərti,,"12,13",25,textbook,,
353,property law,财产法,财产法,ˈprɑpərti lɔ,,"12,13",3,textbook,,
354,property interest,财产权益,财产权益,ˈprɑpərti ˈɪntəˌrɛst,,12,3,textbook,,
355,private ownership,私人所有制,私人所有制,ˈpraɪvət ˈoʊnərˌʃɪp,,12,1,textbook,,
356,vest,归属,归属,vɛst,,12,2,textbook,,
357,"real property, realty",不动产,不动产,"ril ˈprɑpərti, ˈriəlˌti",,12,1,textbook,,
358,appurtenance,附属物,附属物,,,12,1,textbook,,
359,possessory interest,占有权益,占有权益,,,12,2,textbook,,
360,"personal property, personalty",动产,动产,,,12,1,textbook,,
361,goodwill,商誉,商誉,ˈgʊdˈwɪl,,"12,13",2,textbook,,
362,tangible property,有体财产,有体财产,ˈtænʤəbəl ˈprɑpərti,,12,2,textbook,,
363,intangible property,无体财产,无体财产,ˌɪnˈtænʤəbəl ˈprɑpərti,,12,3,textbook,,
364,debt,债务,债务,dɛt,,"12,13",9,textbook,,
365,promissory note,本票,本票,ˈprɑməˌsɔri noʊt,,12,2,textbook,,
366,patent,专利,专利,ˈpætənt,,12,32,textbook,,
367,copyright,版权,版权,ˈkɑpiˌraɪt,,12,22,textbook,,
368,estate,地产权；遗产,地产权；遗产,ɛˈsteɪt,,"3,12,13",13,textbook,,
369,fee simple estate,非限嗣继承地产权,非限嗣继承地产权,fi ˈsɪmpəl ɛˈsteɪt,,12,7,textbook,,
370,heir,继承人,继承人,ɛr,,12,15,textbook,,
371,fee simple,非限嗣继承地产权,非限嗣继承地产权,fi ˈsɪmpəl,,12,1,textbook,,
372,nonfreehold estate,非自由保有地产权,非自由保有地产权,,,12,3,textbook,,
373,property ownership,所有权,所有权,ˈprɑpərti ˈoʊnərˌʃɪp,,12,1,textbook,,
374,feudalism,封建制度；封建制,封建制度；封建制,fˈjudəˌlɪzəm,,"2,12",6,textbook,,
375,tenant,佃户；承租人,佃户；承租人,ˈtɛnənt,,"12,14",21,textbook,,
376,lord,领主,领主,lɔrd,,12,3,textbook,,
377,tenure system,保有制,保有制,ˈtɛnjər ˈsɪstəm,,12,2,textbook,,
378,dominion,最高所有权,最高所有权,dəˈmɪnjən,,12,1,textbook,,
379,possessory title,占有产权,占有产权,,,12,1,textbook,,
380,seisin,占有,占有,,,12,1,textbook,,
381,statute quia emptores,Quia Emptores法令,Quia Emptores法令,,,12,1,textbook,,
382,tenures abolition act,保有废除法,保有废除法,ˈtɛnjərz ˌæbəˈlɪʃən ækt,,12,1,textbook,,
383,freehold estate,自由保有地产权,自由保有地产权,ˈfriˌhoʊld ɛˈsteɪt,,12,2,textbook,,
384,fee tail estate,限嗣继承地产权,限嗣继承地产权,fi teɪl ɛˈsteɪt,,12,2,textbook,,
385,life estate,终身地产权,终身地产权,laɪf ɛˈsteɪt,,12,5,textbook,,
386,divestment,剥夺,剥夺,dɪˈvɛsmənt,,12,1,textbook,,
387,alienate,让与,让与,ˈeɪljəˌneɪt,,12,1,textbook,,
388,conveyance,转让,转让,kənˈveɪəns,,12,4,textbook,,
389,grantor,让与人,让与人,ˈgræntər,,12,10,textbook,,
390,fee tail,限嗣继承地产权,限嗣继承地产权,fi teɪl,,12,5,textbook,,
391,will,遗嘱,遗嘱,wɪl,,"12,13",39,textbook,,
392,primogeniture,长子继承制,长子继承制,,,12,3,textbook,,
393,fee tail female,女系限嗣继承,女系限嗣继承,fi teɪl ˈfiˌmeɪl,,12,1,textbook,,
394,fee tail male,男系限嗣继承,男系限嗣继承,fi teɪl meɪl,,12,1,textbook,,
395,equitable trust,衡平信托,衡平信托,ˈɛkwɪtəbəl trəst,,12,1,textbook,,
396,estate pur autre vie,他命终身地产权,他命终身地产权,,,12,1,textbook,,
397,life tenant,终身地产保有人,终身地产保有人,laɪf ˈtɛnənt,,12,1,textbook,,
398,title company,产权公司,产权公司,ˈtaɪtəl ˈkəmpəˌni,,12,1,textbook,,
399,cloud on title,所有权瑕疵,所有权瑕疵,klaʊd ɔn ˈtaɪtəl,,12,2,textbook,,
400,mortgage,抵押,抵押,ˈmɔrgɪʤ,,12,3,textbook,,
401,judgment,判决,判决,ˈʤəʤmənt,,"12,13",19,textbook,,
402,recording,登记,登记,rɪˈkɔrdɪŋ,,12,1,textbook,,
403,realtor,房地产经纪人,房地产经纪人,ˈriəltər,,12,1,textbook,,
404,leasehold estate,租赁地产权,租赁地产权,ˈlisˌhoʊld ɛˈsteɪt,,12,2,textbook,,
405,landlord,房东,房东,ˈlænˌdlɔrd,,"12,14",14,textbook,,
406,reversion interest,归复权益,归复权益,rɪˈvərʒən ˈɪntəˌrɛst,,12,1,textbook,,
407,estate for years,有期地产权,有期地产权,ɛˈsteɪt fər jɪrz,,12,3,textbook,,
408,periodic estate,周期地产权,周期地产权,ˌpɪriˈɑdɪk ɛˈsteɪt,,12,2,textbook,,
409,estate at will,任意地产权,任意地产权,ɛˈsteɪt æt wɪl,,12,2,textbook,,
410,lessor,出租人,出租人,ˈlɛsər,,12,5,textbook,,
411,lessee,承租人,承租人,lɛˈsi,,12,2,textbook,,
412,lease,租赁；租约,租赁；租约,lis,,"2,11,12,14",17,textbook,,
413,covenant,契约,契约,ˈkəvənənt,,12,1,textbook,,
414,quiet enjoyment,安静享用权,安静享用权,kwaɪət ˌɛnˈʤɔɪmənt,,12,1,textbook,,
415,sublease,转租,转租,ˈsəˌblis,,12,1,textbook,,
416,evict,驱逐,驱逐,ɪˈvɪkt,,12,1,textbook,,
417,concurrent ownership,共同所有,共同所有,kənˈkərənt ˈoʊnərˌʃɪp,,12,2,textbook,,
418,marital estate,婚姻财产,婚姻财产,ˈmærətəl ɛˈsteɪt,,12,1,textbook,,
419,community property system,夫妻共同财产制,夫妻共同财产制,kəmˈjunɪti ˈprɑpərti ˈsɪstəm,,12,3,textbook,,
420,common law system,普通法财产制,普通法财产制,ˈkɑmən lɔ ˈsɪstəm,,12,2,textbook,,
421,inheritance,继承；继承权,继承；继承权,ˌɪnˈhɛrətəns,,"2,3,12,13",15,textbook,,
422,tenancy in common,按份共有,按份共有,ˈtɛnənsi ɪn ˈkɑmən,,12,2,textbook,,
423,ownership interest,所有权益,所有权益,ˈoʊnərˌʃɪp ˈɪntəˌrɛst,,12,1,textbook,,
424,joint tenancy,联权共有,联权共有,ʤɔɪnt ˈtɛnənsi,,12,3,textbook,,
425,right of survivorship,生存者权,生存者权,,,12,1,textbook,,
426,suit to partition,土地分割之诉,土地分割之诉,sut tɪ pɑrˈtɪʃən,,12,1,textbook,,
427,easement,地役权,地役权,ˈizmənt,,12,4,textbook,,
428,right-of-way,通行权,通行权,,,12,1,textbook,,
429,mineral interest,矿物权益,矿物权益,ˈmɪnərəl ˈɪntəˌrɛst,,12,1,textbook,,
430,riparian or water rights,河岸权,河岸权,,,12,1,textbook,,
431,commerce clause,商业条款,商业条款,ˈkɑmərs klɔz,,"6,12",3,textbook,,
432,navigable waters,可通航水域,可通航水域,ˈnævəgəbəl ˈwɔtərz,,"9,12",3,textbook,,
433,eminent domain,国家征用权,国家征用权,ˈɛmənənt doʊˈmeɪn,,"9,12",7,textbook,,
434,public use,公用,公用,ˈpəblɪk juz,,"9,12",4,textbook,,
435,just compensation,合理补偿,合理补偿,ʤɪst ˌkɑmpənˈseɪʃən,,"9,12",9,textbook,,
436,zoning ordinance,分区条例,分区条例,ˈzoʊnɪŋ ˈɔrdənəns,,12,1,textbook,,
437,zoning,分区；分区法,分区；分区法,ˈzoʊnɪŋ,,"9,12",15,textbook,,
438,historic preservation,历史保护,历史保护,hɪˈstɔrɪk ˌprɛzərˈveɪʃən,,12,3,textbook,,
439,national register of historic places,国家史迹名录,国家史迹名录,ˈnæʃənəl ˈrɛʤɪstər əv hɪˈstɔrɪk ˈpleɪsɪz,,12,1,textbook,,
440,public welfare,公共福利,公共福利,ˈpəblɪk ˈwɛlˌfɛr,,12,1,textbook,,
441,inception of title and liens,所有权的取得与留置权,所有权的取得与留置权,ˌɪnˈsɛpʃən əv ˈtaɪtəl ənd linz,,12,1,textbook,,
442,foreclosure,止赎,止赎,fɔrˈkloʊʒər,,12,2,textbook,,
443,adverse possession,逆占有,逆占有,ˌædˈvərs pəˈzɛʃən,,12,6,textbook,,
444,color of title,表面所有权,表面所有权,ˈkələr əv ˈtaɪtəl,,12,2,textbook,,
445,warranty deed,担保契据,担保契据,ˈwɔrənti did,,12,3,textbook,,
446,special warranty deed,特别担保契据,特别担保契据,ˈspɛʃəl ˈwɔrənti did,,12,2,textbook,,
447,quitclaim deed,免责转让契据,免责转让契据,,,12,5,textbook,,
448,grantee,受让人,受让人,,,12,3,textbook,,
449,record,登记；记录,登记；记录,ˈrɛkərd,,"12,13",5,textbook,,
450,marketable title,可转让产权,可转让产权,ˈmɑrkətəbəl ˈtaɪtəl,,12,1,textbook,,
451,title examiner,产权审查人,产权审查人,ˈtaɪtəl ɪgˈzæmənər,,12,1,textbook,,
452,title insurance company,产权保险公司,产权保险公司,ˈtaɪtəl ˌɪnˈʃʊrəns ˈkəmpəˌni,,12,1,textbook,,
453,creditor,债权人,债权人,ˈkrɛdɪtər,,12,7,textbook,,
454,judgment lien,判决留置权,判决留置权,ˈʤəʤmənt lin,,12,1,textbook,,
455,security interest,担保权益,担保权益,sɪˈkjʊrəti ˈɪntəˌrɛst,,12,3,textbook,,
456,debtor,债务人,债务人,ˈdɛtər,,12,2,textbook,,
457,foreclose,止赎,止赎,fɔrˈkloʊz,,12,1,textbook,,
458,rent-to-buy,租购,租购,,,12,1,textbook,,
459,probate and succession,遗嘱检验与继承,遗嘱检验与继承,ˈproʊˌbeɪt ənd səkˈsɛʃən,,12,1,textbook,,
460,personalty,动产,动产,,,12,3,textbook,,
461,testate,立有遗嘱,立有遗嘱,,,12,3,textbook,,
462,intestate,无遗嘱；遗嘱,无遗嘱；遗嘱,,,12,2,textbook,,
463,intestacy statute,无遗嘱继承法,无遗嘱继承法,,,12,2,textbook,,
464,testator,立遗嘱人,立遗嘱人,,,12,11,textbook,,
465,intestate succession,无遗嘱继承,无遗嘱继承,,,12,3,textbook,,
466,escheat,收归国有,收归国有,,,12,1,textbook,,
467,uniform probate code,统一遗嘱检验法典,统一遗嘱检验法典,ˈjunəˌfɔrm ˈproʊˌbeɪt koʊd,,12,1,textbook,,
468,intestacy,无遗嘱继承,无遗嘱继承,,,12,1,textbook,,
469,testate succession,有遗嘱继承,有遗嘱继承,,,12,1,textbook,,
470,holographic will,自书遗嘱,自书遗嘱,ˌhɔloʊˈgræfɪk wɪl,,12,1,textbook,,
471,nuncupative will,口述遗嘱,口述遗嘱,,,12,3,textbook,,
472,testamentary capacity,遗嘱能力,遗嘱能力,ˌtɛstəˈmɛntəri kəˈpæsɪti,,12,2,textbook,,
473,sound mind,神志健全,神志健全,saʊnd maɪnd,,12,1,textbook,,
474,codicil,遗嘱补正书,遗嘱补正书,,,12,2,textbook,,
475,living will,生前遗嘱,生前遗嘱,ˈlɪvɪŋ wɪl,,12,2,textbook,,
476,probate,遗嘱检验；遗嘱认证,遗嘱检验；遗嘱认证,ˈproʊˌbeɪt,,"2,5,12",8,textbook,,
477,administrator,遗产管理人,遗产管理人,ədˈmɪnɪˌstreɪtər,,12,2,textbook,,
478,trust,信托,信托,trəst,,"2,12",18,textbook,,
479,bequest,遗赠,遗赠,bɪkˈwɛst,,12,1,textbook,,
480,trusts and gifts,信托与赠与,信托与赠与,trəsts ənd gɪfts,,12,1,textbook,,
481,trustor,委托人,委托人,,,12,4,textbook,,
482,settlor,财产授予人；委托人,财产授予人；委托人,,,12,4,textbook,,
483,testamentary trust,遗嘱信托,遗嘱信托,ˌtɛstəˈmɛntəri trəst,,12,1,textbook,,
484,inter vivos trust,生前信托,生前信托,,,12,1,textbook,,
485,spendthrift,挥霍者,挥霍者,ˈspɛndθˌrɪft,,12,1,textbook,,
486,rule against perpetuities,反永久管业规则,反永久管业规则,,,12,1,textbook,,
487,corpus,本金,本金,ˈkɔrpəs,,12,2,textbook,,
488,principal,本金；主犯,本金；主犯；一级二级主犯,ˈprɪnsəpəl,《元照》：可指本金、本人/委托人、主债务人、主犯等。原“一级二级主犯”属 principals of the first and second degrees 的复合概念。,"7,12",5,textbook,aggregation_cleanup,principal n. ③本金；资本……⑥主犯。
489,donee,受赠人,受赠人,,,12,2,textbook,,
490,intellectual property,知识产权,知识产权,ˌɪnəˈlɛkʧuəl ˈprɑpərti,,12,14,textbook,,
491,patentee,专利权人,专利权人,,,12,1,textbook,,
492,license,许可,许可,ˈlaɪsəns,,12,3,textbook,,
493,trademark,商标,商标,ˈtreɪdˌmɑrk,,12,17,textbook,,
494,unfair competition,不正当竞争,不正当竞争,ˌɔnˈfɛr ˌkɑmpəˈtɪʃən,,12,3,textbook,,
495,prior art,现有技术,现有技术,praɪər ɑrt,,12,1,textbook,,
496,non-obviousness,非显而易见性,非显而易见性,,,12,1,textbook,,
497,utility patent,实用专利,实用专利,juˈtɪləti ˈpætənt,,12,1,textbook,,
498,design patent,外观设计专利,外观设计专利,dɪˈzaɪn ˈpætənt,,12,1,textbook,,
499,plant patent,植物专利,植物专利,plænt ˈpætənt,,12,1,textbook,,
500,patent and trademark office,专利商标局,专利商标局,ˈpætənt ənd ˈtreɪdˌmɑrk ˈɔfəs,,12,2,textbook,,
501,court of appeals for the federal circuit,联邦巡回上诉法院,联邦巡回上诉法院,kɔrt əv əˈpilz fər ðə ˈfɛdərəl ˈsərkət,,12,2,textbook,,
502,infringement,侵权,侵权,ˌɪnˈfrɪnʤmənt,,12,7,textbook,,
503,paris convention,巴黎公约,巴黎公约,ˈpɛrɪs kənˈvɛnʃən,,12,1,textbook,,
504,priority date,优先权日,优先权日,praɪˈɔrəti deɪt,,12,1,textbook,,
505,semiconductor chip protection act,半导体芯片保护法,半导体芯片保护法,ˌsɛmɪkənˈdəktər ʧɪp prəˈtɛkʃən ækt,,12,1,textbook,,
506,work for hire,雇佣作品,雇佣作品,wərk fər haɪər,,12,4,textbook,,
507,fair use,合理使用,合理使用,fɛr juz,,12,2,textbook,,
508,digital millennium copyright act,数字千年版权法,数字千年版权法,ˈdɪʤɪtəl məˈlɛniəm ˈkɑpiˌraɪt ækt,,12,1,textbook,,
509,circumvention,规避,规避,ˌsərkəmˈvɛnʧən,,12,1,textbook,,
510,circumvent,规避,规避,ˌsərkəmˈvɛnt,,12,1,textbook,,
511,trade secret,商业秘密,商业秘密,treɪd ˈsikrɪt,,12,5,textbook,,
512,misappropriation,盗用,盗用,ˌmɪsəˌproʊpriˈeɪʃən,,12,1,textbook,,
513,lanham act,兰哈姆法,兰哈姆法,ˈlænəm ækt,,12,3,textbook,,
514,service mark,服务商标,服务商标,ˈsərvɪs mɑrk,,12,1,textbook,,
515,right of publicity,公开权,公开权,raɪt əv pəˈblɪsɪti,,12,1,textbook,,
516,berne convention,伯尔尼公约,伯尔尼公约,bərn kənˈvɛnʃən,,12,1,textbook,,
517,madrid agreement,马德里协定,马德里协定,məˈdrɪd əˈgrimənt,,12,1,textbook,,
518,trips agreement,与贸易有关的知识产权协定,与贸易有关的知识产权协定,trɪps əˈgrimənt,,12,1,textbook,,
519,lawsuit,诉讼,诉讼,ˈlɔˌsut,,"2,13,14",27,textbook,,
520,felony,重罪,重罪,ˈfɛləni,,"3,4,5,6,7,13",13,textbook,,
521,dissolution,解除,解除,ˌdɪsəˈluʃən,,13,18,textbook,,
522,marriage,婚姻,婚姻,ˈmɛrɪʤ,,13,89,textbook,,
523,custody,监护权,监护权,ˈkəstədi,,13,26,textbook,,
524,paternity suit,确认生父之诉,确认生父之诉,pəˈtərnɪti sut,,13,3,textbook,,
525,adoption,收养,收养,əˈdɑpʃən,,13,33,textbook,,
526,spouse,配偶,配偶,spaʊs,,"13,14",25,textbook,,
527,parent-child relationship,亲子关系,亲子关系,,,13,16,textbook,,
528,state legislature,州立法机关,州立法机关,steɪt ˈlɛʤəsˌleɪʧər,,"13,14",7,textbook,,
529,supreme court,最高法院,最高法院,səˈprim kɔrt,,"3,6,13,14",130,textbook,,
530,equal protection,平等保护,平等保护,ˈikwəl prəˈtɛkʃən,,"6,7,8,13",20,textbook,,
531,state court,州法院,州法院,steɪt kɔrt,,13,3,textbook,,
532,domestic-relation court,家事法院,家事法院,,,13,1,textbook,,
533,jurisprudence,法理；法理学,法理；法理学,ˌʤʊrəˈsprudəns,,"2,9,13",8,textbook,,
534,litigant,诉讼当事人,诉讼当事人,ˈlɪtɪgənt,,"2,3,4,5,13,14",25,textbook,,
535,informal marriage,非正式婚姻,非正式婚姻,ˌɪnˈfɔrməl ˈmɛrɪʤ,,13,10,textbook,,
536,maintenance,供养；生活费,供养；生活费,ˈmeɪntənəns,,13,5,textbook,,
537,formal,正式,正式,ˈfɔrməl,,13,5,textbook,,
538,ground,理由,理由,graʊnd,,13,19,textbook,,
539,no-fault,无过错,无过错,,,13,4,textbook,,
540,fault,过错,过错,fɔlt,,13,7,textbook,,
541,property division,财产分割,财产分割,ˈprɑpərti dɪˈvɪʒən,,13,11,textbook,,
542,praetor,裁判官,裁判官,ˈpritər,,13,1,textbook,,
543,justiciable,可裁判,可裁判,,,13,1,textbook,,
544,code,法典,法典,koʊd,,"2,13",14,textbook,,
545,canon law,教会法,教会法,ˈkænən lɔ,,"2,13",14,textbook,,
546,ecclesiastical court,教会法院,教会法院,ˌɛˌkliziˈæstɪkəl kɔrt,,"2,13",3,textbook,,
547,jurisdiction,司法管辖权；司法辖区；管辖权；法域；管辖,司法管辖权；司法辖区；管辖权；法域；管辖,ˌʤʊrɪsˈdɪkʃən,,"2,3,4,5,6,7,8,13,14",59,textbook,,
548,matrimonial causes act,婚姻案件法,婚姻案件法,ˌmætrəˈmoʊniəl ˈkɔzɪz ækt,,13,1,textbook,,
549,chattel,动产,动产,ˈʧætəl,,"5,13",2,textbook,,
550,property right,财产权,财产权,ˈprɑpərti raɪt,,"9,13,14",7,textbook,,
551,equity court,衡平法院,衡平法院,ˈɛkwəti kɔrt,,13,1,textbook,,
552,consanguinity,血亲关系,血亲关系,,,13,3,textbook,,
553,marital relationship,婚姻关系,婚姻关系,ˈmærətəl riˈleɪʃənˌʃɪp,,13,14,textbook,,
554,divorce law,离婚法,离婚法,dɪˈvɔrs lɔ,,13,1,textbook,,
555,territory,领地,领地,ˈtɛrɪˌtɔri,,13,3,textbook,,
556,domestic relations law,家事法,家事法,dəˈmɛstɪk riˈleɪʃənz lɔ,,13,2,textbook,,
557,polygamy,多配偶制,多配偶制,pəˈlɪgəˌmi,,13,4,textbook,,
558,divorce suit,离婚诉讼,离婚诉讼,dɪˈvɔrs sut,,13,6,textbook,,
559,proof,证明,证明,pruf,,13,11,textbook,,
560,marriage breakdown,婚姻破裂,婚姻破裂,ˈmɛrɪʤ ˈbreɪkˌdaʊn,,13,2,textbook,,
561,irreconcilable differences,不可调和的分歧,不可调和的分歧,ˌɪˈrɛkənˌsaɪləbəl ˈdɪfərənsɪz,,13,1,textbook,,
562,incompatibility,性格不合,性格不合,ˌɪnˌkɑmpətɪˈbɪlɪti,,13,2,textbook,,
563,counseling,咨询,咨询,ˈkaʊnsəlɪŋ,,13,1,textbook,,
564,mediation,调解,调解,ˌmidiˈeɪʃən,,"2,4,13,14",9,textbook,,
565,status,身份,身份,ˈstætəs,,13,11,textbook,,
566,public policy,公共政策,公共政策,ˈpəblɪk ˈpɑləsi,,13,3,textbook,,
567,legal entity,法律实体,法律实体,ˈligəl ˈɛntɪti,,13,1,textbook,,
568,cohabitation,同居,同居,koʊˌhæbəˈteɪʃən,,13,3,textbook,,
569,family and medical leave act,家庭与医疗休假法,家庭与医疗休假法,ˈfæməli ənd ˈmɛdɪkəl liv ækt,,13,2,textbook,,
570,tax law,税法,税法,tæks lɔ,,"13,14",3,textbook,,
571,abortion,堕胎,堕胎,əˈbɔrʃən,,"13,14",2,textbook,,
572,informal,非正式,非正式,ˌɪnˈfɔrməl,,13,1,textbook,,
573,common law marriage,普通法婚姻,普通法婚姻,ˈkɑmən lɔ ˈmɛrɪʤ,,13,3,textbook,,
574,local law,地方性法律,地方性法律,ˈloʊkəl lɔ,,13,2,textbook,,
575,federal government,联邦政府,联邦政府,ˈfɛdərəl ˈgəvərnmənt,,13,2,textbook,,
576,legislature,立法机关,立法机关,ˈlɛʤəsˌleɪʧər,,13,5,textbook,,
577,unemancipated,未解除亲权,未解除亲权,,,13,2,textbook,,
578,monogamy,一夫一妻制,一夫一妻制,məˈnɑgəmi,,13,1,textbook,,
579,polygyny,一夫多妻,一夫多妻,pəˈlɪʤəni,,13,1,textbook,,
580,miscegenation statute,异族通婚法,异族通婚法,,,13,1,textbook,,
581,same-sex marriage,同性婚姻,同性婚姻,ˌseɪmˈsɛks ˈmɛrɪʤ,,"13,14",27,textbook,,
582,affinity,姻亲关系,姻亲关系,əˈfɪnɪti,,13,2,textbook,,
583,partner,伴侣,伴侣,ˈpɑrtnər,,13,49,textbook,,
584,marriage license,结婚许可证；结婚许可,结婚许可证；结婚许可,ˈmɛrɪʤ ˈlaɪsəns,,"3,13",13,textbook,,
585,state constitution,州宪法,州宪法,steɪt ˌkɑnstəˈtuʃən,,13,7,textbook,,
586,trial court,初审法院,初审法院,traɪəl kɔrt,,"3,5,13",7,textbook,,
587,defendant,被告,被告,dɪˈfɛndənt,,"2,4,13",102,textbook,,
588,fundamental right,基本权利,基本权利,ˌfəndəˈmɛnəl raɪt,,"6,13",12,textbook,,
589,constitutionality,合宪性,合宪性,ˌkɑnstɪˌtuʃəˈnælɪti,,"5,6,13",14,textbook,,
590,strict scrutiny,严格审查,严格审查,strɪkt ˈskrutəni,,"3,6,13",6,textbook,,
591,remand,发回,发回,rɪˈmænd,,"4,13",2,textbook,,
592,equal protection clause,平等保护条款,平等保护条款,ˈikwəl prəˈtɛkʃən klɔz,,"6,13",7,textbook,,
593,marital status,婚姻身份；婚姻状况,婚姻身份；婚姻状况,ˈmærətəl ˈstætəs,,13,3,textbook,,
594,standard of review,审查标准,审查标准,ˈstændərd əv ˌrivˈju,,13,1,textbook,,
595,appeal,上诉,上诉,əˈpil,,"3,4,7,13",25,textbook,,
596,constitutional amendment,宪法修正案,宪法修正案,ˌkɑnstəˈtuʃənəl əˈmɛndmənt,,13,2,textbook,,
597,welfare,福利,福利,ˈwɛlˌfɛr,,13,9,textbook,,
598,common benefits clause,共同福利条款,共同福利条款,ˈkɑmən ˈbɛnəfɪts klɔz,,13,1,textbook,,
599,plaintiff,原告,原告,ˈpleɪnəf,,"2,4,13,14",73,textbook,,
600,public health,公共卫生,公共卫生,ˈpəblɪk hɛlθ,,"13,14",3,textbook,,
601,state government,州政府,州政府,steɪt ˈgəvərnmənt,,"13,14",2,textbook,,
602,approval,批准,批准,əˈpruvəl,,13,8,textbook,,
603,defense of marriage act,婚姻保护法,婚姻保护法,dɪˈfɛns əv ˈmɛrɪʤ ækt,,13,4,textbook,,
604,federal law,联邦法,联邦法,ˈfɛdərəl lɔ,,13,2,textbook,,
605,possession,属地,属地,pəˈzɛʃən,,13,2,textbook,,
606,tribe,部落,部落,traɪb,,13,4,textbook,,
607,public act,公共行为；公共法律,公共行为；公共法律,ˈpəblɪk ækt,,"5,13",2,textbook,,
608,judicial action,司法程序,司法程序,ʤuˈdɪʃəl ˈækʃən,,13,2,textbook,,
609,state law,州法,州法,steɪt lɔ,,"13,14",6,textbook,,
610,civil union,民事结合,民事结合,ˈsɪvəl ˈjunjən,,13,1,textbook,,
611,capacity to contract,缔约能力,缔约能力,kəˈpæsɪti tɪ ˈkɑnˌtrækt,,13,1,textbook,,
612,incest statute,乱伦法,乱伦法,ˈɪnˌsɛst ˈstæʧut,,13,2,textbook,,
613,register,登记,登记,ˈrɛʤɪstər,,13,2,textbook,,
614,domestic partner,家庭伴侣,家庭伴侣,dəˈmɛstɪk ˈpɑrtnər,,13,2,textbook,,
615,notice,通知,通知,ˈnoʊtɪs,,13,5,textbook,,
616,federalism,联邦制,联邦制,ˈfɛdərəˌlɪzəm,,"3,6,13",15,textbook,,
617,comity,司法礼让；礼让,司法礼让；礼让,ˈkoʊmɪti,,"5,13",3,textbook,,
618,marriage validation statute,婚姻确认制定法,婚姻确认制定法,ˈmɛrɪʤ ˌvæləˈdeɪʃən ˈstæʧut,,13,1,textbook,,
619,validation provision,确认条款,确认条款,ˌvæləˈdeɪʃən prəˈvɪʒən,,13,1,textbook,,
620,uniform marriage and divorce act,统一婚姻与离婚法,统一婚姻与离婚法,ˈjunəˌfɔrm ˈmɛrɪʤ ənd dɪˈvɔrs ækt,,13,1,textbook,,
621,dissent,异议,异议,dɪˈsɛnt,,13,13,textbook,,
622,federal district court,联邦地区法院,联邦地区法院,ˈfɛdərəl ˈdɪstrɪkt kɔrt,,13,1,textbook,,
623,lead plaintiff,首席原告,首席原告,lɛd ˈpleɪnəf,,13,1,textbook,,
624,death certificate,死亡证明,死亡证明,dɛθ sərˈtɪfɪkət,,13,2,textbook,,
625,registrar,登记官,登记官,ˈrɛʤɪˌstrɑr,,13,1,textbook,,
626,state attorney general,州检察长,州检察长,steɪt əˈtərni ˈʤɛnərəl,,"13,14",2,textbook,,
627,birth certificate,出生证明,出生证明,bərθ sərˈtɪfɪkət,,13,6,textbook,,
628,clerk,书记官,书记官,klərk,,13,2,textbook,,
629,majority opinion,多数意见,多数意见,məˈʤɔrəti əˈpɪnjən,,13,3,textbook,,
630,due process clause,正当程序条款,正当程序条款,du ˈprɔˌsɛs klɔz,,"6,13",10,textbook,,
631,unconstitutional,违宪,违宪,ˌənˌkɑnstəˈtuʃənəl,,"5,6,13,14",13,textbook,,
632,religious liberty,宗教自由,宗教自由,rɪˈlɪʤəs ˈlɪbərˌti,,13,1,textbook,,
633,originalism,原旨主义,原旨主义,,,13,1,textbook,,
634,pension,养老金,养老金,ˈpɛnʃən,,13,2,textbook,,
635,social security,社会保障,社会保障,ˈsoʊʃəl sɪˈkjʊrəti,,13,2,textbook,,
636,community property,夫妻共同财产,夫妻共同财产,kəmˈjunɪti ˈprɑpərti,,13,7,textbook,,
637,rules of evidence,证据规则,证据规则,rulz əv ˈɛvədəns,,"2,3,4,13",6,textbook,,
638,marital privilege,配偶特权；配偶特免权,配偶特权；配偶特免权,ˈmærətəl ˈprɪvɪlɪʤ,,"4,13",2,textbook,,
639,employment retirement income security act,雇员退休收入保障法,雇员退休收入保障法,ɪmˈplɔɪmənt rɪˈtaɪərmənt ˈɪnˌkəm sɪˈkjʊrəti ækt,,13,1,textbook,,
640,domicile,住所,住所,,,"5,13",12,textbook,,
641,civil rights act,民权法,民权法,ˈsɪvəl raɪts ækt,,13,1,textbook,,
642,employer,雇主,雇主,ɪmˈplɔɪər,,"13,14",4,textbook,,
643,religious belief,宗教信仰,宗教信仰,rɪˈlɪʤəs bɪˈlif,,13,1,textbook,,
644,county clerk,县书记官,县书记官,ˈkaʊnti klərk,,13,2,textbook,,
645,capacity to marry,结婚能力,结婚能力,kəˈpæsɪti tɪ ˈmɛri,,13,2,textbook,,
646,formal marriage,正式婚姻,正式婚姻,ˈfɔrməl ˈmɛrɪʤ,,13,2,textbook,,
647,bigamy,重婚,重婚,,,13,2,textbook,,
648,ceremonial marriage,仪式婚姻,仪式婚姻,ˌsɛrəˈmoʊniəl ˈmɛrɪʤ,,13,1,textbook,,
649,public record,公共记录,公共记录,ˈpəblɪk ˈrɛkərd,,13,1,textbook,,
650,judicial system,司法系统,司法系统,ʤuˈdɪʃəl ˈsɪstəm,,13,1,textbook,,
651,spousal support,配偶扶养费,配偶扶养费,ˈspaʊzəl səˈpɔrt,,13,17,textbook,,
652,summary dissolution,简易解除,简易解除,ˈsəməri ˌdɪsəˈluʃən,,13,1,textbook,,
653,judicial approval,司法批准,司法批准,ʤuˈdɪʃəl əˈpruvəl,,13,1,textbook,,
654,plea bargain,答辩交易；控辩交易,答辩交易；控辩交易,pli ˈbɑrgɪn,,"4,13",3,textbook,,
655,annulment,无效宣告,无效宣告,ˈænəlmənt,,13,15,textbook,,
656,trier of fact,事实裁判者,事实裁判者,traɪər əv fækt,,13,3,textbook,,
657,illegitimate,非婚生,非婚生,ˌɪlɪˈʤɪtəmɪt,,13,3,textbook,,
658,residency,居住,居住,ˈrɛzɪdənsi,,13,4,textbook,,
659,support,扶养；扶养费,扶养；扶养费,səˈpɔrt,,13,17,textbook,,
660,child support,子女扶养费,子女扶养费,ʧaɪld səˈpɔrt,,"13,14",18,textbook,,
661,residency period,居住期,居住期,ˈrɛzɪdənsi ˈpɪriəd,,13,1,textbook,,
662,venue,审判地,审判地,ˈvɛnju,,"4,5,13",14,textbook,,
663,service of process,送达,送达,ˈsərvɪs əv ˈprɔˌsɛs,,13,1,textbook,,
664,divorce petition,离婚诉状,离婚诉状,dɪˈvɔrs pəˈtɪʃən,,13,2,textbook,,
665,separation,分居,分居,ˌsɛpərˈeɪʃən,,13,2,textbook,,
666,witness stand,证人席,证人席,ˈwɪtnəs stænd,,13,1,textbook,,
667,burden of proof,举证；证明责任,举证；证明责任,ˈbərdən əv pruf,,"4,7,13",7,textbook,,
668,desertion,遗弃,遗弃,dɪˈzərʃən,,13,1,textbook,,
669,cruelty,虐待,虐待,ˈkruəlti,,13,9,textbook,,
670,trial,审判,审判,traɪəl,,"13,14",3,textbook,,
671,at-fault party,过错方,过错方,,,13,1,textbook,,
672,contested case,有争议案件,有争议案件,kənˈtɛstəd keɪs,,13,3,textbook,,
673,testimony,证人证言,作证；证明,ˈtɛstɪˌmoʊni,《元照》：证人证言。指具备作证资格的证人在庭审、宣誓书或书面证词中提供的证据。,"13,14",4,textbook,translation_correction,testimony n. 证人证言。
674,marital property,婚姻财产,婚姻财产,ˈmærətəl ˈprɑpərti,,13,7,textbook,,
675,uncontested case,无争议案件,无争议案件,ˌənkənˈtɛstɪd keɪs,,13,1,textbook,,
676,negotiation,谈判；（票据）转让,谈判,nɪˌgoʊʃiˈeɪʃən,《元照》：①谈判；②转让（由一人向另一人转移汇票或其他流通证券）。教材合同语境的“谈判”保留。,13,2,textbook,contextual_supplement,negotiation n. ①谈判……②转让。
677,bargaining chip,筹码,筹码,ˈbɑrgɪnɪŋ ʧɪp,,13,1,textbook,,
678,collaborative divorce,合作式离婚,合作式离婚,kəˈlæbərˌeɪtɪv dɪˈvɔrs,,13,3,textbook,,
679,collaborative law,合作式法律,合作式法律,kəˈlæbərˌeɪtɪv lɔ,,13,2,textbook,,
680,adr,替代性纠纷解决,替代性纠纷解决,,,13,1,textbook,,
681,settlement,和解,和解,ˈsɛtəlmənt,,"4,13",6,textbook,,
682,financial planner,财务规划师,财务规划师,ˌfaɪˈnænʃəl ˈplænər,,13,1,textbook,,
683,child specialist,儿童专家,儿童专家,ʧaɪld ˈspɛʃəlɪst,,13,1,textbook,,
684,neutral professional,中立专业人士,中立专业人士,ˈnutrəl prəˈfɛʃənəl,,13,1,textbook,,
685,support order,扶养命令,扶养命令,səˈpɔrt ˈɔrdər,,13,1,textbook,,
686,hearing,听证,听证,ˈhirɪŋ,,13,2,textbook,,
687,property settlement agreement,财产和解协议,财产和解协议,ˈprɑpərti ˈsɛtəlmənt əˈgrimənt,,13,1,textbook,,
688,asset,资产,资产,ˈæˌsɛt,,13,11,textbook,,
689,cohabitation agreement,同居协议,同居协议,koʊˌhæbəˈteɪʃən əˈgrimənt,,13,1,textbook,,
690,equitable remedy,衡平救济,衡平救济,ˈɛkwɪtəbəl ˈrɛmədi,,13,1,textbook,,
691,uniform marital property act,统一婚姻财产法,统一婚姻财产法,ˈjunəˌfɔrm ˈmærətəl ˈprɑpərti ækt,,13,1,textbook,,
692,wages,工资,工资,ˈweɪʤɪz,,"13,14",3,textbook,,
693,married women's act,已婚妇女法,已婚妇女法,ˈmɛrid ˈwɪmənz ækt,,13,1,textbook,,
694,tenant in common,按份共有人,按份共有人,ˈtɛnənt ɪn ˈkɑmən,,13,1,textbook,,
695,joint tenant,共同共有人,共同共有人,ʤɔɪnt ˈtɛnənt,,13,1,textbook,,
696,property settlement,财产分割,财产和解,ˈprɑpərti ˈsɛtəlmənt,《元照》：财产分割，适用于离婚案件。包括双方协议并经法院批准，或依据法院判决进行的分割。,13,3,textbook,translation_correction,property settlement 财产分割。
697,no-fault divorce,无过错离婚,无过错离婚,,,13,1,textbook,,
698,legal landscape,法律图景,法律图景,ˈligəl ˈlænˌskeɪp,,13,1,textbook,,
699,property division order,财产分割命令,财产分割命令,ˈprɑpərti dɪˈvɪʒən ˈɔrdər,,13,3,textbook,,
700,future income,未来收入,未来收入,fˈjuʧər ˈɪnˌkəm,,13,1,textbook,,
701,lump-sum payment,一次性支付,一次性支付,,,13,1,textbook,,
702,standard of living,生活水准,生活水准,ˈstændərd əv ˈlɪvɪŋ,,13,2,textbook,,
703,installment payment,分期付款,分期付款,ˌɪnˈstɔlmənt ˈpeɪmənt,,13,2,textbook,,
704,property settlement payment,财产和解款,财产和解款,ˈprɑpərti ˈsɛtəlmənt ˈpeɪmənt,,13,1,textbook,,
705,taxation,税收；征税,税收；征税,tækˈseɪʃən,,"13,14",2,textbook,,
706,court decree,法院判决,法院判决,kɔrt dɪˈkri,,13,1,textbook,,
707,federal tax law,联邦税法,联邦税法,ˈfɛdərəl tæks lɔ,,13,1,textbook,,
708,bankruptcy law,破产法,破产法,ˈbæŋkrəptsi lɔ,,13,1,textbook,,
709,civil contempt,民事藐视法庭,民事藐视法庭,ˈsɪvəl kənˈtɛmpt,,13,1,textbook,,
710,tax liability,纳税义务,纳税义务,tæks ˌlaɪəˈbɪlɪti,,13,1,textbook,,
711,stock option,股票期权,股票期权,stɑk ˈɔpʃən,,13,1,textbook,,
712,deferred compensation,递延报酬,递延报酬,dɪˈfərd ˌkɑmpənˈseɪʃən,,13,1,textbook,,
713,valuation,估值,估值,væljuˈeɪʃən,,13,1,textbook,,
714,best interest of the child,子女最佳利益,子女最佳利益,bɛst ˈɪntəˌrɛst əv ðə ʧaɪld,,13,6,textbook,,
715,best interest,最佳利益,最佳利益,bɛst ˈɪntəˌrɛst,,13,1,textbook,,
716,guardianship,监护,监护,ˈgɑrdiənʃɪp,,13,2,textbook,,
717,uniform child custody and enforcement act,统一子女监护与执行法,统一子女监护与执行法,ˈjunəˌfɔrm ʧaɪld ˈkəstədi ənd ɛnˈfɔrsmənt ækt,,13,2,textbook,,
718,parental kidnapping prevention act,防止父母拐带子女法,防止父母拐带子女法,pərˈɛntəl ˈkɪdˌnæpɪŋ priˈvɛnʃən ækt,,13,2,textbook,,
719,physical possession,实际占有,实际占有,ˈfɪzɪkəl pəˈzɛʃən,,13,3,textbook,,
720,visitation rights,探视权,探视权,ˌvɪzɪˈteɪʃən raɪts,,13,4,textbook,,
721,visitation,探视,探视,ˌvɪzɪˈteɪʃən,,13,6,textbook,,
722,joint custody,共同监护,共同监护,ʤɔɪnt ˈkəstədi,,13,1,textbook,,
723,joint legal custody,共同法定监护,共同法定监护,ʤɔɪnt ˈligəl ˈkəstədi,,13,1,textbook,,
724,joint physical custody,共同实际监护,共同实际监护,ʤɔɪnt ˈfɪzɪkəl ˈkəstədi,,13,1,textbook,,
725,parenting plan,育儿计划,育儿计划,ˈpɛrəntɪŋ plæn,,13,1,textbook,,
726,custodial responsibilities,监护职责,监护职责,kəˈstoʊdiəl riˌspɑnsəˈbɪlətiz,,13,1,textbook,,
727,parentage suit,亲子诉讼,亲子诉讼,ˈpɛrəntəʤ sut,,13,2,textbook,,
728,custodial parent,享有监护权的一方,享有监护权的一方,kəˈstoʊdiəl ˈpɛrənt,,"13,14",6,textbook,,
729,contempt of court,藐视法庭,藐视法庭,kənˈtɛmpt əv kɔrt,,"2,4,13",4,textbook,,
730,delinquency,拖欠,拖欠,dɪˈlɪŋkwənsi,,13,3,textbook,,
731,self-help,自力救济,自力救济,ˈsɛlfˈhɛlp,,13,1,textbook,,
732,fine,罚金,罚金,faɪn,,"2,13,14",8,textbook,,
733,imprisonment,监禁,监禁,ˌɪmˈprɪzənmənt,,13,2,textbook,,
734,garnishment of wages,扣押工资,扣押工资,ˈgɑrnɪʃmənt əv ˈweɪʤɪz,,13,1,textbook,,
735,criminal nonsupport,刑事不扶养,刑事不扶养,,,13,1,textbook,,
736,uniform interstate family support act,统一州际家庭扶养法,统一州际家庭扶养法,ˈjunəˌfɔrm ˌɪntərˈsteɪt ˈfæməli səˈpɔrt ækt,,13,1,textbook,,
737,filing,提交（文件）；登记；归档,立案,ˈfaɪlɪŋ,《元照》：文件归档。教材“Authorities there file the papers”语境中，指当地机关提交、登记文件，而非“立案”这一程序结果。,13,1,textbook,translation_correction,filing n. 文件归档。
738,opportunity to be heard,陈述机会,陈述机会,ˌɑpərˈtunəti tɪ bi hərd,,13,1,textbook,,
739,travel expenses,差旅,差旅,ˈtrævəl ɪkˈspɛnsɪz,,13,1,textbook,,
740,social security amendments,社会保障修正案,社会保障修正案,ˈsoʊʃəl sɪˈkjʊrəti əˈmɛndmənts,,13,1,textbook,,
741,federal funds,联邦资金,联邦资金,ˈfɛdərəl fəndz,,13,1,textbook,,
742,government assistance,政府救济,政府救济,ˈgəvərnmənt əˈsɪstəns,,13,1,textbook,,
743,absent parent,缺席父母,缺席父母,ˈæbsənt ˈpɛrənt,,13,2,textbook,,
744,support obligation,扶养义务,扶养义务,səˈpɔrt ˌɑbləˈgeɪʃən,,13,1,textbook,,
745,parent-locator service,父母查找服务,父母查找服务,,,13,1,textbook,,
746,national new hire registry,全国新雇员登记,全国新雇员登记,ˈnæʃənəl nu haɪər ˈrɛʤɪstri,,13,1,textbook,,
747,tax refund,退税,退税,tæks ˈriˌfənd,,13,1,textbook,,
748,driver's license,驾照,驾照,ˈdraɪvərz ˈlaɪsəns,,13,1,textbook,,
749,professional license,职业执照,职业执照,prəˈfɛʃənəl ˈlaɪsəns,,13,1,textbook,,
750,passport,护照,护照,ˈpæˌspɔrt,,13,1,textbook,,
751,federal crime,联邦犯罪,联邦犯罪,ˈfɛdərəl kraɪm,,13,1,textbook,,
752,probation order,缓刑令,缓刑令,proʊˈbeɪʃən ˈɔrdər,,13,1,textbook,,
753,probation,缓刑,缓刑,proʊˈbeɪʃən,,"7,13",8,textbook,,
754,legal precept,法律准则,法律准则,ˈligəl ˈpriˌsɛpt,,13,1,textbook,,
755,family code,家庭法典,家庭法典,ˈfæməli koʊd,,13,4,textbook,,
756,uniform collaborative law act,统一合作式法律法,统一合作式法律法,ˈjunəˌfɔrm kəˈlæbərˌeɪtɪv lɔ ækt,,13,1,textbook,,
757,legitimate,婚生,婚生,ləˈʤɪtəmət,,13,3,textbook,,
758,surrogacy,代孕,代孕,ˈsərəgəsi,,13,3,textbook,,
759,guardian,监护人,监护人,ˈgɑrdiən,,13,2,textbook,,
760,natural father,生父,生父,ˈnæʧərəl ˈfɑðər,,13,4,textbook,,
761,artificial insemination,人工授精,人工授精,ˌɑrtəˈfɪʃəl ˌɪnˌsɛməˈneɪʃən,,13,4,textbook,,
762,legitimate child,婚生子女,婚生子女,ləˈʤɪtəmət ʧaɪld,,13,3,textbook,,
763,uniform parentage act,统一亲子关系法,统一亲子关系法,ˈjunəˌfɔrm ˈpɛrəntəʤ ækt,,13,2,textbook,,
764,paternity,父亲身份,父亲身份,pəˈtərnɪti,,13,4,textbook,,
765,parental rights,亲权,亲权,pərˈɛntəl raɪts,,13,3,textbook,,
766,illegitimate child,非婚生子女,非婚生子女,ˌɪlɪˈʤɪtəmɪt ʧaɪld,,13,1,textbook,,
767,indian child welfare act,印第安儿童福利法,印第安儿童福利法,ˈɪndiən ʧaɪld ˈwɛlˌfɛr ækt,,13,2,textbook,,
768,termination of parental rights,亲权终止,亲权终止,tərməˈneɪʃən əv pərˈɛntəl raɪts,,13,2,textbook,,
769,intercountry adoption act,跨国收养法,跨国收养法,,,13,2,textbook,,
770,surrogate mother,代孕母亲,代孕母亲,ˈsərəˌgeɪt ˈməðər,,13,1,textbook,,
771,noncustodial parent,不享有监护权的一方,不享有监护权的一方,,,13,1,textbook,,
772,family law judge,家事法官,家事法官,ˈfæməli lɔ ʤəʤ,,13,1,textbook,,
773,perception,认知,认知,pərˈsɛpʃən,,14,4,textbook,,
774,protector,保护者,保护者,prəˈtɛktər,,14,6,textbook,,
775,oppressor,压迫者,压迫者,əˈprɛsər,,14,4,textbook,,
776,pursuit of happiness,对幸福的追求,对幸福的追求,pərˈsut əv ˈhæpinəs,,14,1,textbook,,
777,confirm,证实,证实,kənˈfərm,,14,1,textbook,,
778,noncustodial spouse,不享有监护权的一方,不享有监护权的一方,,,14,1,textbook,,
779,legal obligation,法律义务,法律义务,ˈligəl ˌɑbləˈgeɪʃən,,14,1,textbook,,
780,moral obligation,道德义务,道德义务,ˈmɔrəl ˌɑbləˈgeɪʃən,,14,1,textbook,,
781,rental agreement,租赁协议,租赁协议,ˈrɛntəl əˈgrimənt,,14,1,textbook,,
782,property owner,财产所有人,财产所有人,ˈprɑpərti ˈoʊnər,,14,1,textbook,,
783,rental contract,租赁合同,租赁合同,ˈrɛntəl ˈkɑnˌtrækt,,14,1,textbook,,
784,free will,自由意志,自由意志,fri wɪl,,14,1,textbook,,
785,legal profession,法律职业,法律职业,ˈligəl prəˈfɛʃən,,"2,14",6,textbook,,
786,member of congress,国会议员,国会议员,ˈmɛmbər əv ˈkɑŋgrəs,,14,1,textbook,,
787,national law,国家法律,国家法律,ˈnæʃənəl lɔ,,14,1,textbook,,
788,judicial branch,司法部门；司法分支,司法部门；司法分支,ʤuˈdɪʃəl brænʧ,,"5,14",2,textbook,,
789,senate judiciary committee,参议院司法委员会；司法委员会,参议院司法委员会；司法委员会,ˈsɛnɪt ʤuˈdɪʃiˌɛri kəˈmɪti,,"3,14",2,textbook,,
790,approve,批准,批准,əˈpruv,,14,1,textbook,,
791,law license,律师执照,律师执照,lɔ ˈlaɪsəns,,14,1,textbook,,
792,judicial office,法官职位,法官职位,ʤuˈdɪʃəl ˈɔfəs,,14,1,textbook,,
793,politicized,政治化,政治化,pəˈlɪtɪˌsaɪzd,,14,1,textbook,,
794,political science,政治学,政治学,pəˈlɪtɪkəl saɪəns,,14,1,textbook,,
795,law school admission test,法学院入学考试,法学院入学考试,lɔ skul ədˈmɪʃən tɛst,,14,1,textbook,,
796,courtroom,法庭,法庭,ˈkɔrˌtrum,,14,1,textbook,,
797,gun control,枪支管制,枪支管制,gən kənˈtroʊl,,14,1,textbook,,
798,capital punishment,死刑,死刑,ˈkæpɪtəl ˈpənɪʃmənt,,"7,14",5,textbook,,
799,special interest group,特殊利益团体,特殊利益团体,ˈspɛʃəl ˈɪntəˌrɛst grup,,14,1,textbook,,
800,political arena,政治场域,政治场域,pəˈlɪtɪkəl ərˈinə,,14,1,textbook,,
801,status quo,现状,现状,ˈstætəs kwoʊ,,14,1,textbook,,
802,forces of change,变革力量,变革力量,ˈfɔrsɪz əv ʧeɪnʤ,,14,1,textbook,,
803,offense,违法行为,违法行为,əˈfɛns,,14,2,textbook,,
804,tobacco industry,烟草业,烟草业,təˈbæˌkoʊ ˈɪndəstri,,14,3,textbook,,
805,legal process,法律程序（教材语境）；法律传票；法律令状（术语义）,法律程序,ˈligəl ˈprɔˌsɛs,教材第 4 章“正式法律程序”译为法律程序正确；《元照》收录的专门术语义为经合法程序签发的法律传票、法律令状。,14,1,textbook,contextual_supplement,legal process 法律传票；法律令状。
806,government regulation,政府管制,政府管制,ˈgəvərnmənt ˌrɛgjəˈleɪʃən,,14,1,textbook,,
807,smoker,吸烟者,吸烟者,sˈmoʊkər,,14,2,textbook,,
808,indigent,贫困,贫困,ˈɪndɪʤənt,,14,2,textbook,,
809,victim,受害者,受害者,ˈvɪktɪm,,14,4,textbook,,
810,dignity in death,尊严死,尊严死,ˈdɪgnəti ɪn dɛθ,,14,1,textbook,,
811,sexual harassment,性骚扰,性骚扰,ˈsɛkʃuəl hərˈæsmənt,,14,1,textbook,,
812,elder abuse,虐待老人,虐待老人,ˈɛldər əˈbjuz,,14,1,textbook,,
813,law-breaker,违法者,违法者,,,14,1,textbook,,
814,criminal justice,刑事司法,刑事司法,ˈkrɪmənəl ˈʤəstɪs,,14,1,textbook,,
815,crime,犯罪,犯罪,kraɪm,,14,5,textbook,,
816,founding father,开国先贤,开国先贤,ˈfaʊndɪŋ ˈfɑðər,,14,1,textbook,,
817,outlaw,不法之徒,不法之徒,ˈaʊˌtlɔ,,14,1,textbook,,
818,coercive power,强制力,强制力,koʊəˈrsɪv paʊər,,14,1,textbook,,
819,safeguard,保障,保障,ˈseɪfˌgɑrd,,14,2,textbook,,
820,rights of the accused,被控者权利,被控者权利,raɪts əv ðə əˈkjuzd,,14,1,textbook,,
821,rights of society,社会权利,社会权利,raɪts əv soʊˈsaɪɪti,,14,1,textbook,,
822,law enforcer,执法者,执法者,lɔ ɛnˈfɔrsər,,14,1,textbook,,
823,civil libertarian,公民自由论者,公民自由论者,ˈsɪvəl ˌlɪˌbərˈtɛˌriən,,14,1,textbook,,
824,public,公众,公众,ˈpəblɪk,,14,1,textbook,,
825,consensus,共识,共识,kənˈsɛnsəs,,14,3,textbook,,
826,decency,体面,体面,ˈdisənsi,,14,1,textbook,,
827,justice,正义,正义,ˈʤəstɪs,,14,4,textbook,,
828,penalty,刑罚,刑罚,ˈpɛnəlti,,"7,14",17,textbook,,
829,ultimate punishment,极刑,极刑,ˈəltəmət ˈpənɪʃmənt,,14,1,textbook,,
830,decriminalization,非刑事化,非刑事化,diˌkrɪmənələˈzeɪʃən,,14,1,textbook,,
831,gambling,赌博,赌博,ˈgæmbəlɪŋ,,"7,14",10,textbook,,
832,marijuana,大麻,大麻,ˌmɛrəˈwɑnə,,"7,14",2,textbook,,
833,repair,维修,维修,rɪˈpɛr,,14,1,textbook,,
834,rent,租金,租金,rɛnt,,14,1,textbook,,
835,eviction law,驱逐法,驱逐法,ɪˈvɪkʃən lɔ,,14,1,textbook,,
836,economic group,经济群体,经济群体,ˌɛkəˈnɑmɪk grup,,14,1,textbook,,
837,labor union,工会,工会,ˈleɪbər ˈjunjən,,14,1,textbook,,
838,management,资方,资方,ˈmænɪʤmənt,,14,2,textbook,,
839,strike,罢工,罢工,straɪk,,14,4,textbook,,
840,worker,工人,工人,ˈwərkər,,14,6,textbook,,
841,working conditions,工作条件,工作条件,ˈwərkɪŋ kənˈdɪʃənz,,14,2,textbook,,
842,decent wage,体面工资,体面工资,ˈdisənt weɪʤ,,14,1,textbook,,
843,economic class war,经济阶级战争,经济阶级战争,ˌɛkəˈnɑmɪk klæs wɔr,,14,1,textbook,,
844,economic impact,经济影响,经济影响,ˌɛkəˈnɑmɪk ˌɪmˈpækt,,14,2,textbook,,
845,economic class,经济阶层,经济阶层,ˌɛkəˈnɑmɪk klæs,,14,1,textbook,,
846,municipal bond,市政债券,市政债券,mjuˈnɪsəpəl bɑnd,,14,1,textbook,,
847,tax shelter,避税工具,避税工具,tæks ˈʃɛltər,,14,1,textbook,,
848,wealthy investor,富裕投资者,富裕投资者,ˈwɛlθi ˌɪnˈvɛstər,,14,1,textbook,,
849,tax break,减税,减税,tæks breɪk,,14,1,textbook,,
850,tax incentive,税收优惠,税收优惠,tæks ˌɪnˈsɛnɪv,,14,1,textbook,,
851,gideon v. wainwright,吉迪恩诉温赖特案,吉迪恩诉温赖特案,ˈgɪdiən vi. ˈweɪnˌraɪt,,14,2,textbook,,
852,decision,判决,判决,dɪˈsɪʒən,,"3,14",4,textbook,,
853,capital offense,死罪,死罪,ˈkæpɪtəl əˈfɛns,,"7,14",2,textbook,,
854,plead guilty,认罪,认罪,plid ˈgɪlti,,14,1,textbook,,
855,indigent defendant,贫困被告人,贫困被告人,ˈɪndɪʤənt dɪˈfɛndənt,,14,1,textbook,,
856,medical profession,医疗行业,医疗行业,ˈmɛdɪkəl prəˈfɛʃən,,14,1,textbook,,
857,insurance premium,保费,保费,ˌɪnˈʃʊrəns ˈprimiəm,,14,1,textbook,,
858,physician,医生,医生,fəˈzɪʃən,,14,5,textbook,,
859,insurance industry,保险业,保险业,ˌɪnˈʃʊrəns ˈɪndəstri,,14,1,textbook,,
860,cap,上限,上限,kæp,,14,1,textbook,,
861,tort reform,侵权法改革,侵权法改革,tɔrt rɪˈfɔrm,,14,2,textbook,,
862,insurance company,保险公司,保险公司,ˌɪnˈʃʊrəns ˈkəmpəˌni,,14,2,textbook,,
863,contingency fee,风险代理收费；风险代理费,风险代理收费；风险代理费,kənˈtɪnʤənsi fi,,"4,14",3,textbook,,
864,large award,高额赔偿,高额赔偿,lɑrʤ əˈwɔrd,,14,2,textbook,,
865,gross negligence,重大过失,重大过失,groʊs ˈnɛglɪʤəns,,14,1,textbook,,
866,jury system,陪审团制度,陪审团制度,ˈʤʊri ˈsɪstəm,,14,1,textbook,,
867,abuse,滥用,滥用,əˈbjuz,,14,1,textbook,,
868,economic self-interest,经济私利,经济私利,ˌɛkəˈnɑmɪk ˌsɛlˈfɪntəˌrɛst,,14,1,textbook,,
869,economic determinist,经济决定论者,经济决定论者,ˌɛkəˈnɑmɪk dɪˈtərmənəst,,14,1,textbook,,
870,conviction,定罪,定罪,kənˈvɪkʃən,,14,1,textbook,,
871,religion,宗教,宗教,rɪˈlɪʤən,,14,1,textbook,,
872,philosophy,哲学,哲学,fəˈlɑsəfi,,14,1,textbook,,
873,retribution,报应,报应,ˌrɛtrəˈbjuʃən,,"7,14",6,textbook,,
874,get even,报复,报复,gɪt ˈivɪn,,14,1,textbook,,
875,revenge,复仇,复仇,riˈvɛnʤ,,14,1,textbook,,
876,avenger,复仇者,复仇者,əˈvɛnʤər,,14,1,textbook,,
877,civil case,民事案件,民事案件,ˈsɪvəl keɪs,,"3,14",2,textbook,,
878,avarice,贪婪,贪婪,ˈævərəs,,14,1,textbook,,
879,civil suit,民事诉讼,民事诉讼,ˈsɪvəl sut,,"7,9,14",4,textbook,,
880,principle,原则,原则,ˈprɪnsəpəl,,14,2,textbook,,
881,poor,贫困,贫困,pur,,14,1,textbook,,
882,law of the jungle,丛林法则,丛林法则,lɔ əv ðə ˈʤəŋgəl,,14,1,textbook,,
883,hero,英雄,英雄,ˈhɪroʊ,,14,2,textbook,,
884,wrath,愤怒,愤怒,ræθ,,14,1,textbook,,
885,equalizer,平等者,平等者,ˈikwəˌlaɪzər,,14,1,textbook,,
886,code of hammurabi,汉谟拉比法典,汉谟拉比法典,,,2,1,textbook,,
887,personal injury,人身伤害,人身伤害,ˈpərsɪnəl ˈɪnʤəri,,2,1,textbook,,
888,witness,证人,证人,ˈwɪtnəs,,2,5,textbook,,
889,death penalty,死刑；强制死刑,死刑；强制死刑,dɛθ ˈpɛnəlti,,"2,7",25,textbook,,
890,restitution,返还；赔偿,返还；赔偿,ˌrɛstɪˈtuʃən,,"2,7",3,textbook,,
891,twelve tables,十二表法,十二表法,twɛlv ˈteɪbəlz,,2,1,textbook,,
892,corpus juris civilis,国法大全,国法大全,,,2,1,textbook,,
893,private law,私法,私法,ˈpraɪvət lɔ,,2,1,textbook,,
894,natural rights,自然权利,自然权利,ˈnæʧərəl raɪts,,2,1,textbook,,
895,public law,公法,公法,ˈpəblɪk lɔ,,2,2,textbook,,
896,codification,法典化,法典化,ˌkɑdəfəˈkeɪʃən,,2,2,textbook,,
897,inquisitorial process,纠问制,纠问制,,,2,1,textbook,,
898,matters of law,法律问题,法律问题,ˈmætərz əv lɔ,,2,1,textbook,,
899,napoleonic code,拿破仑法典,拿破仑法典,nəˌpoʊliˈɑnɪk koʊd,,2,1,textbook,,
900,islamic law,伊斯兰法,伊斯兰法,ˌɪzˈlɑmɪk lɔ,,2,5,textbook,,
901,adversarial,对抗制,对抗制,ˌædvərˈsɛriəl,,2,1,textbook,,
902,inquisitorial,纠问制,纠问制,,,2,1,textbook,,
903,exclusionary rule,排除规则；证据排除规则,排除规则；证据排除规则,ɪkˈskluʒəˌnɛri rul,,"2,4,7",32,textbook,,
904,customary law,习惯法,习惯法,ˈkəstəˌmɛri lɔ,,2,4,textbook,,
905,opinio juris,法律确信,法律确信,,,2,1,textbook,,
906,shariah,沙里亚法,沙里亚法,,,2,1,textbook,,
907,separation of powers,分权原则；分权,分权原则；分权,ˌsɛpərˈeɪʃən əv paʊərz,,"2,3,6,8",16,textbook,,
908,grand jury,大陪审团,大陪审团,grænd ˈʤʊri,,"2,4",4,textbook,,
909,oath,宣誓,宣誓,oʊθ,,"2,4",4,textbook,,
910,compurgation,共誓涤罪,共誓涤罪,,,2,2,textbook,,
911,ordeal,神明裁判,神明裁判,ɔrˈdil,,2,3,textbook,,
912,wergild,血金,血金,,,2,1,textbook,,
913,trial by combat,决斗审判,决斗审判,traɪəl baɪ ˈkɑmbæt,,2,1,textbook,,
914,appellate,上诉的；有关上诉的；受理上诉的,上诉,əˈpɛˌleɪt,《元照》：上诉的；有关上诉的；受理上诉的。教材该处搭配 appellate court，词库另有 appellate court＝上诉法院。,2,1,textbook,translation_correction,appellate a. 上诉的；有关上诉的；受理上诉的。
915,curia regis,王室法庭,王室法庭,,,2,2,textbook,,
916,writ,令状,令状,rɪt,,2,7,textbook,,
917,appellate jurisdiction,上诉管辖权,上诉管辖权,əˈpɛˌleɪt ˌʤʊrɪsˈdɪkʃən,,"2,6",2,textbook,,
918,exchequer,财政署,财政署,ˈɛksˌʧɛkər,,2,1,textbook,,
919,chancery,大法官署,大法官署,ˈʧænsəri,,2,6,textbook,,
920,chancellor,大法官,大法官,ˈʧænsələr,,2,7,textbook,,
921,sheriff,郡长,郡长,ˈʃɛrɪf,,2,1,textbook,,
922,courts of equity,衡平法院,衡平法院,kɔrts əv ˈɛkwəti,,2,1,textbook,,
923,specific relief,特定救济,特定救济,spɪˈsɪfɪk rɪˈlif,,2,2,textbook,,
924,substitutionary relief,替代救济,替代救济,,,2,2,textbook,,
925,restoration,恢复原状,恢复原状,ˌrɛstərˈeɪʃən,,2,2,textbook,,
926,reliance,信赖,信赖,rɪˈlaɪəns,,2,1,textbook,,
927,title by occupation,先占,先占,ˈtaɪtəl baɪ ˌɑkjəˈpeɪʃən,,2,1,textbook,,
928,administration,遗产管理,遗产管理,ædˌmɪnɪˈstreɪʃən,,2,1,textbook,,
929,riparian rights,河岸权,河岸权,,,2,1,textbook,,
930,magna carta,大宪章,大宪章,ˈmægnə ˈkɑrtə,,"2,3",2,textbook,,
931,freedom of speech,言论自由,言论自由,ˈfridəm əv spiʧ,,"2,3,6",13,textbook,,
932,uniform laws,统一法,统一法,ˈjunəˌfɔrm lɔz,,2,1,textbook,,
933,restatements,法律重述,法律重述,riˈsteɪtmənts,,2,1,textbook,,
934,stare decisis,遵循先例,遵循先例,,,"2,5,6",7,textbook,,
935,adversarial system,对抗制,对抗制,ˌædvərˈsɛriəl ˈsɪstəm,,2,1,textbook,,
936,law school,法学院,法学院,lɔ skul,,2,1,textbook,,
937,case at bar,系争案件,系争案件,keɪs æt bɑr,,2,1,textbook,,
938,liability,责任,责任,ˌlaɪəˈbɪlɪti,,"2,4",8,textbook,,
939,barrister,出庭律师,出庭律师,ˈbɛrɪstər,,2,3,textbook,,
940,solicitor,事务律师,事务律师,səˈlɪsətər,,2,3,textbook,,
941,bar association,律师协会,律师协会,bɑr əˌsoʊʃiˈeɪʃən,,2,3,textbook,,
942,disbarment,取消律师资格,取消律师资格,ˌdɪsˈbɑrmənt,,2,1,textbook,,
943,mixed jurisdictions,混合法域,混合法域,mɪkst ˌʤʊrɪsˈdɪkʃənz,,2,1,textbook,,
944,court organization,法院组织,法院组织,kɔrt ˌɔrgənəˈzeɪʃən,,3,1,textbook,,
945,federal courts,联邦法院,联邦法院,ˈfɛdərəl kɔrts,,3,1,textbook,,
946,district court,地区法院,地区法院,ˈdɪstrɪkt kɔrt,,3,2,textbook,,
947,superior court,高等法院；州高等法院,高等法院；州高等法院,suˈpɪriər kɔrt,,"3,8",4,textbook,,
948,courts of last resort,终审法院,终审法院,kɔrts əv læst rɪˈzɔrt,,3,1,textbook,,
949,civil appeals,民事上诉,民事上诉,ˈsɪvəl əˈpilz,,3,1,textbook,,
950,criminal appeals,刑事上诉,刑事上诉,ˈkrɪmənəl əˈpilz,,3,1,textbook,,
951,punishment,刑罚,刑罚,ˈpənɪʃmənt,,"3,7",25,textbook,,
952,interpretations,解释,解释,ˌɪnˌtərprɪˈteɪʃənz,,3,2,textbook,,
953,rulings,裁决,裁决,ˈrulɪŋz,,3,1,textbook,,
954,criminal procedural law,刑事程序法,刑事程序法,ˈkrɪmənəl prəˈsiʤərəl lɔ,,3,1,textbook,,
955,rules of civil procedure,民事诉讼规则,民事诉讼规则,rulz əv ˈsɪvəl prəˈsiʤər,,3,1,textbook,,
956,bar exams,律师资格考试,律师资格考试,bɑr ɪgˈzæmz,,3,1,textbook,,
957,licensed to practice,获准执业,获准执业,ˈlaɪsənst tɪ ˈpræktɪs,,3,1,textbook,,
958,federal court system,联邦法院系统,联邦法院系统,ˈfɛdərəl kɔrt ˈsɪstəm,,3,2,textbook,,
959,constitutional courts,宪法法院,宪法法院,ˌkɑnstəˈtuʃənəl kɔrts,,3,2,textbook,,
960,legislative courts,立法法院,立法法院,ˈlɛʤəsˌleɪtɪv kɔrts,,3,1,textbook,,
961,article iii courts,第三条法院,第三条法院,,,3,1,textbook,,
962,lifetime appointment,终身任职,终身任职,ˈlaɪfˌtaɪm əˈpɔɪntmənt,,3,1,textbook,,
963,impeachment process,弹劾程序,弹劾程序,ˌɪmˈpiʧmənt ˈprɔˌsɛs,,3,1,textbook,,
964,removal,免职,免职,rɪˈmuvəl,,3,1,textbook,,
965,legislative powers,立法权,立法权,ˈlɛʤəsˌleɪtɪv paʊərz,,3,1,textbook,,
966,militia,民兵,民兵,mɪˈlɪʃə,,3,1,textbook,,
967,military tribunals,军事法庭,军事法庭,ˈmɪlɪˌtɛri ˌtraɪˈbjunəlz,,3,1,textbook,,
968,confirmation,确认,确认,ˌkɑnfərˈmeɪʃən,,3,2,textbook,,
969,u.s. customs court,美国海关法院,美国海关法院,juz. ˈkəstəmz kɔrt,,3,1,textbook,,
970,courts of general jurisdiction,一般管辖权法院,一般管辖权法院,kɔrts əv ˈʤɛnərəl ˌʤʊrɪsˈdɪkʃən,,3,3,textbook,,
971,courts of specialized jurisdiction,特别管辖权法院,特别管辖权法院,kɔrts əv ˈspɛʃəˌlaɪzd ˌʤʊrɪsˈdɪkʃən,,3,1,textbook,,
972,judicial power,司法权,司法权,ʤuˈdɪʃəl paʊər,,3,2,textbook,,
973,cases of admiralty and maritime jurisdiction,海事和航海案件,海事和航海案件,ˈkeɪsɪz əv ˈædmərəlti ənd ˈmærəˌtaɪm ˌʤʊrɪsˈdɪkʃən,,3,1,textbook,,
974,federal question,联邦问题,联邦问题,ˈfɛdərəl kˈwɛʃən,,3,3,textbook,,
975,federal statute,联邦制定法,联邦制定法,ˈfɛdərəl ˈstæʧut,,3,1,textbook,,
976,general jurisdiction,一般管辖权,一般管辖权,ˈʤɛnərəl ˌʤʊrɪsˈdɪkʃən,,3,1,textbook,,
977,senior judges,资深法官,资深法官,ˈsinjər ˈʤəʤɪz,,3,1,textbook,,
978,magistrate judges,联邦治安法官,联邦治安法官,ˈmæʤɪˌstreɪt ˈʤəʤɪz,,3,1,textbook,,
979,search and arrest warrants,搜查令与逮捕令,搜查令与逮捕令,sərʧ ənd ərˈɛst ˈwɔrənts,,3,1,textbook,,
980,civil consent docket,民事合意案件表,民事合意案件表,ˈsɪvəl kənˈsɛnt ˈdɑkət,,3,1,textbook,,
981,criminal jurisdiction,刑事管辖权,刑事管辖权,ˈkrɪmənəl ˌʤʊrɪsˈdɪkʃən,,3,3,textbook,,
982,civil jurisdiction,民事管辖权,民事管辖权,ˈsɪvəl ˌʤʊrɪsˈdɪkʃən,,3,4,textbook,,
983,caseload,案件量,案件量,ˈkeɪsˌloʊd,,3,1,textbook,,
984,criminal cases,刑事案件,刑事案件,ˈkrɪmənəl ˈkeɪsɪz,,3,1,textbook,,
985,single judge,独任法官,独任法官,ˈsɪŋgəl ʤəʤ,,3,1,textbook,,
986,verdict,裁断；裁决,裁断；裁决,ˈvərdɪkt,,"3,4",25,textbook,,
987,review,审查,审查,ˌrivˈju,,3,1,textbook,,
988,general appellate jurisdiction,一般上诉管辖权,一般上诉管辖权,ˈʤɛnərəl əˈpɛˌleɪt ˌʤʊrɪsˈdɪkʃən,,3,1,textbook,,
989,u.s. courts of appeals,美国上诉法院,美国上诉法院,juz. kɔrts əv əˈpilz,,3,1,textbook,,
990,u.s. court of appeals for the fifth circuit,第五巡回区美国上诉法院,第五巡回区美国上诉法院,juz. kɔrt əv əˈpilz fər ðə fɪθ ˈsərkət,,3,1,textbook,,
991,u.s. court of appeals for the federal circuit,联邦巡回区美国上诉法院,联邦巡回区美国上诉法院,juz. kɔrt əv əˈpilz fər ðə ˈfɛdərəl ˈsərkət,,3,1,textbook,,
992,substantive jurisdiction,事项管辖权,事项管辖权,ˈsəbstəntɪv ˌʤʊrɪsˈdɪkʃən,,3,1,textbook,,
993,en banc,全院庭审,全院庭审,ɛn bæŋk,,"3,4",6,textbook,,
994,supreme court review,最高法院审查,最高法院审查,səˈprim kɔrt ˌrivˈju,,3,1,textbook,,
995,traffic citations,交通罚单,交通罚单,ˈtræfɪk saɪˈteɪʃənz,,3,1,textbook,,
996,you can't fight city hall,胳膊拧不过大腿,胳膊拧不过大腿,ju kænt faɪt ˈsɪti hɔl,,3,1,textbook,,
997,jury trial,陪审团审判,陪审团审判,ˈʤʊri traɪəl,,"3,7",2,textbook,,
998,bench trial,法官审判,法官审判,bɛnʧ traɪəl,,"3,4",2,textbook,,
999,courts of limited jurisdiction,有限管辖权法院,有限管辖权法院,kɔrts əv ˈlɪmɪtɪd ˌʤʊrɪsˈdɪkʃən,,3,1,textbook,,
1000,justice of the peace court,治安法官法院,治安法官法院,ˈʤəstɪs əv ðə pis kɔrt,,3,1,textbook,,
1001,justices of the peace,治安法官,治安法官,ˈʤəstɪsɪz əv ðə pis,,3,1,textbook,,
1002,coroner,验尸官,验尸官,ˈkɔrənər,,3,1,textbook,,
1003,misdemeanor,轻罪,轻罪,ˌmɪsdəˈminər,,"3,5,6,7",8,textbook,,
1004,petty theft,小额盗窃,小额盗窃,ˈpɛˌti θɛft,,3,1,textbook,,
1005,simple battery,普通殴打,普通殴打,ˈsɪmpəl ˈbætəri,,3,1,textbook,,
1006,small claims courts,小额诉讼法院,小额诉讼法院,smɔl kleɪmz kɔrts,,3,1,textbook,,
1007,licensed attorneys,执业律师,执业律师,ˈlaɪsənst əˈtərniz,,3,2,textbook,,
1008,amount in controversy,争议金额,争议金额,əˈmaʊnt ɪn ˈkɑntrəˌvərsi,,"3,4",3,textbook,,
1009,courts of appeal,上诉法院,上诉法院,kɔrts əv əˈpil,,3,1,textbook,,
1010,courts of record,记录法院,记录法院,kɔrts əv ˈrɛkərd,,3,1,textbook,,
1011,trial de novo,重新审理,重新审理,traɪəl də ˈnoʊvoʊ,,"3,4",2,textbook,,
1012,probate wills,遗嘱检验,遗嘱检验,ˈproʊˌbeɪt wɪlz,,3,1,textbook,,
1013,juvenile court,少年法院,少年法院,ˈʤuvəˌnaɪl kɔrt,,3,1,textbook,,
1014,general judicial power,一般司法权,一般司法权,ˈʤɛnərəl ʤuˈdɪʃəl paʊər,,3,1,textbook,,
1015,framers,制宪者,制宪者,ˈfreɪmərz,,3,1,textbook,,
1016,circuit courts,巡回法院,巡回法院,ˈsərkət kɔrts,,3,1,textbook,,
1017,judicial districts,司法区,司法区,ʤuˈdɪʃəl ˈdɪstrɪkts,,3,1,textbook,,
1018,concurrent jurisdiction,并存管辖权,并存管辖权,kənˈkərənt ˌʤʊrɪsˈdɪkʃən,,3,1,textbook,,
1019,the playmate and the oilman,花花女郎与石油大亨,花花女郎与石油大亨,ðə ˈpleɪˌmeɪt ənd ðə ˈɔɪlˌmæn,,3,1,textbook,,
1020,bankruptcy filings,破产申请,破产申请,ˈbæŋkrəptsi ˈfaɪlɪŋz,,3,1,textbook,,
1021,intermediate appeals court,中间上诉法院,中间上诉法院,ˌɪnərˈmidiɪt əˈpilz kɔrt,,3,1,textbook,,
1022,questions of law,法律问题,法律问题,kˈwɛsʧənz əv lɔ,,3,1,textbook,,
1023,written decisions,书面判决,书面判决,ˈrɪtən dɪˈsɪʒənz,,3,1,textbook,,
1024,court of last resort,终审法院,终审法院,kɔrt əv læst rɪˈzɔrt,,3,1,textbook,,
1025,state supreme court,州最高法院,州最高法院,steɪt səˈprim kɔrt,,3,1,textbook,,
1026,court of criminal appeals,刑事上诉法院,刑事上诉法院,kɔrt əv ˈkrɪmənəl əˈpilz,,3,1,textbook,,
1027,state statute,州制定法,州制定法,steɪt ˈstæʧut,,3,1,textbook,,
1028,attorney general,州总检察长；司法部长,州总检察长；司法部长,əˈtərni ˈʤɛnərəl,,3,2,textbook,,
1029,chief justice,首席法官,首席法官,ʧif ˈʤəstɪs,,3,1,textbook,,
1030,impeachment trials,弹劾审判,弹劾审判,ˌɪmˈpiʧmənt traɪəlz,,3,1,textbook,,
1031,judicial conduct board,司法行为委员会,司法行为委员会,ʤuˈdɪʃəl ˈkɑndəkt bɔrd,,3,1,textbook,,
1032,a man and a woman,一男一女,一男一女,ə mæn ənd ə ˈwʊmən,,3,1,textbook,,
1033,opinions,意见,意见,əˈpɪnjənz,,3,1,textbook,,
1034,moot,无实际意义,无实际意义,mut,,"3,6",2,textbook,,
1035,judicial selection,法官选任,法官选任,ʤuˈdɪʃəl səˈlɛkʃən,,3,1,textbook,,
1036,selection,选任,选任,səˈlɛkʃən,,3,1,textbook,,
1037,bench,审判席,审判席,bɛnʧ,,3,1,textbook,,
1038,organized bar,律师界,律师界,ˈɔrgəˌnaɪzd bɑr,,3,1,textbook,,
1039,selection of federal judges,联邦法官的选任,联邦法官的选任,səˈlɛkʃən əv ˈfɛdərəl ˈʤəʤɪz,,3,1,textbook,,
1040,nominee,被提名人,被提名人,ˌnɑməˈni,,3,1,textbook,,
1041,"federal bureau of investigation, fbi",联邦调查局,联邦调查局,"ˈfɛdərəl ˈbjʊroʊ əv ˌɪnˌvɛstəˈgeɪʃən, ˈɛfˈbiˈaɪ",,3,1,textbook,,
1042,background check,背景调查,背景调查,ˈbækˌgraʊnd ʧɛk,,3,1,textbook,,
1043,"american bar association, aba",律师协会,律师协会,"əˈmɛrɪkən bɑr əˌsoʊʃiˈeɪʃən, ˌeɪˌbiˈeɪ",,3,1,textbook,,
1044,"integrity, professional competence and judicial temperament",操守、职业能力与司法气质,操守、职业能力与司法气质,"ˌɪnˈtɛgrəti, prəˈfɛʃənəl ˈkɑmpətɪns ənd ʤuˈdɪʃəl ˈtɛmpərmənt",,3,1,textbook,,
1045,well-qualified,高度合格,高度合格,,,3,1,textbook,,
1046,qualified,合格,合格,kˈwɑləˌfaɪd,,3,1,textbook,,
1047,not qualified,不合格,不合格,nɑt kˈwɑləˌfaɪd,,3,1,textbook,,
1048,confirmation hearings,确认听证,确认听证,ˌkɑnfərˈmeɪʃən ˈhirɪŋz,,3,1,textbook,,
1049,scrutiny,审查,审查,ˈskrutəni,,3,1,textbook,,
1050,simple majority,简单多数,简单多数,ˈsɪmpəl məˈʤɔrəti,,3,1,textbook,,
1051,confirmed,确认,确认,kənˈfərmd,,3,1,textbook,,
1052,senatorial courtesy,参议员礼遇,参议员礼遇,ˌsɛnəˈtɔriəl ˈkərtəsi,,3,1,textbook,,
1053,personally obnoxious,个人厌恶,个人厌恶,ˈpərsənəli ɑbˈnɑkʃəs,,3,1,textbook,,
1054,merit selection,功绩遴选；功绩遴选制,功绩遴选；功绩遴选制,ˈmɛrət səˈlɛkʃən,,3,3,textbook,,
1055,veto,否决,否决,ˈviˌtoʊ,,3,1,textbook,,
1056,advice and consent,建议与同意,建议与同意,ədˈvaɪs ənd kənˈsɛnt,,3,1,textbook,,
1057,constitutional law,宪法法律；宪法学,宪法法律；宪法学,ˌkɑnstəˈtuʃənəl lɔ,,"3,6",22,textbook,,
1058,ideology,意识形态,意识形态,ˌaɪdiˈɑləʤi,,3,1,textbook,,
1059,representational qualities,代表性,代表性,ˌrɛprəzənˈteɪʃənəl kˈwɑlətiz,,3,1,textbook,,
1060,professional competence,职业能力,职业能力,prəˈfɛʃənəl ˈkɑmpətɪns,,3,2,textbook,,
1061,civil liberties,公民自由,公民自由,ˈsɪvəl ˈlɪbərˌtiz,,"3,4,6",14,textbook,,
1062,"equal rights amendment, era",平等权利修正案,平等权利修正案,"ˈikwəl raɪts əˈmɛndmənt, ˈɪrə",,3,1,textbook,,
1063,solicitor general,副检察长,副检察长,səˈlɪsətər ˈʤɛnərəl,,3,1,textbook,,
1064,selection of state judges,州法官的选任,州法官的选任,səˈlɛkʃən əv steɪt ˈʤəʤɪz,,3,1,textbook,,
1065,election,选举,选举,ɪˈlɛkʃən,,3,1,textbook,,
1066,appointment,任命,任命,əˈpɔɪntmənt,,3,1,textbook,,
1067,patronage,庇护,庇护,ˈpætrənɪʤ,,3,1,textbook,,
1068,popular vote,普选,普选,ˈpɑpjələr voʊt,,3,1,textbook,,
1069,partisan,党派,党派,ˈpɑrtəzən,,3,1,textbook,,
1070,nonpartisan,无党派,无党派,nɑnˈpɑrtəzən,,3,1,textbook,,
1071,jacksonian democracy,杰克逊民主,杰克逊民主,ʤækˈsoʊniən dɪˈmɑkrəsi,,3,1,textbook,,
1072,judicial independence,司法独立,司法独立,ʤuˈdɪʃəl ˌɪndɪˈpɛndəns,,3,1,textbook,,
1073,appointment method,任命制,任命制,əˈpɔɪntmənt ˈmɛθəd,,3,1,textbook,,
1074,cronyism,裙带关系,裙带关系,ˈkroʊniˌɪzəm,,3,1,textbook,,
1075,missouri plan,密苏里方案,密苏里方案,məˈzʊri plæn,,3,1,textbook,,
1076,judicial nominating committee,司法提名委员会,司法提名委员会,ʤuˈdɪʃəl ˈnɑməˌneɪtɪŋ kəˈmɪti,,3,1,textbook,,
1077,retention election,留任选举,留任选举,riˈtɛnʃən ɪˈlɛkʃən,,3,1,textbook,,
1078,removal of judges,法官的免职,法官的免职,rɪˈmuvəl əv ˈʤəʤɪz,,3,1,textbook,,
1079,corruption,腐败,腐败,kərˈəpʃən,,3,1,textbook,,
1080,abuse of power,滥权,滥权,əˈbjuz əv paʊər,,3,1,textbook,,
1081,judicial removal,法官免职,法官免职,ʤuˈdɪʃəl rɪˈmuvəl,,3,2,textbook,,
1082,bribes,受贿,受贿,braɪbz,,3,1,textbook,,
1083,perjury,伪证,伪证,ˈpərʤəri,,3,1,textbook,,
1084,criminal defendant,刑事被告,刑事被告,ˈkrɪmənəl dɪˈfɛndənt,,3,1,textbook,,
1085,censured,谴责,谴责,ˈsɛnʃərd,,3,1,textbook,,
1086,removal of federal judges,联邦法官的免职,联邦法官的免职,rɪˈmuvəl əv ˈfɛdərəl ˈʤəʤɪz,,3,1,textbook,,
1087,impeachment,弹劾,弹劾,ˌɪmˈpiʧmənt,,"3,5",3,textbook,,
1088,removal from office,免职,免职,rɪˈmuvəl frəm ˈɔfəs,,3,1,textbook,,
1089,a pattern of corrupt conduct,多年一贯腐败行为,多年一贯腐败行为,ə ˈpætərn əv kərəpt ˈkɑndəkt,,3,1,textbook,,
1090,try,审判,审判,traɪ,,3,1,textbook,,
1091,non-justiciable political question,不可裁判的政治问题,不可裁判的政治问题,,,3,1,textbook,,
1092,"treason, bribery, or other high crimes and misdemeanors",叛国、贿赂或其他重罪轻罪,叛国、贿赂或其他重罪轻罪,"ˈtrizən, ˈbraɪbəri, ər ˈəðər haɪ kraɪmz ənd ˌmɪsdəˈminərz",,3,1,textbook,,
1093,judicial councils reform and judicial conduct and disability act,司法委员会改革与司法行为残障法,司法委员会改革与司法行为残障法,ʤuˈdɪʃəl ˈkaʊnsɪlz rɪˈfɔrm ənd ʤuˈdɪʃəl ˈkɑndəkt ənd ˌdɪsəˈbɪlɪti ækt,,3,1,textbook,,
1094,disciplinary actions,处分,处分,ˈdɪsəpləˌnɛri ˈækʃənz,,3,1,textbook,,
1095,reprimand,公开申斥,公开申斥,ˈrɛprəˌmænd,,3,2,textbook,,
1096,censure,谴责,谴责,ˈsɛnʃər,,3,2,textbook,,
1097,removal of state judges,州法官的免职,州法官的免职,rɪˈmuvəl əv steɪt ˈʤəʤɪz,,3,1,textbook,,
1098,impeach,弹劾,弹劾,ˌɪmˈpiʧ,,"3,4,6",6,textbook,,
1099,legislative address,立法免职,立法免职,ˈlɛʤəsˌleɪtɪv ˈæˌdrɛs,,3,1,textbook,,
1100,recall,罢免,罢免,ˈriˌkɔl,,3,1,textbook,,
1101,recall petition,罢免请愿书,罢免请愿书,ˈriˌkɔl pəˈtɪʃən,,3,1,textbook,,
1102,judicial conduct board/commission,司法行为委员会,司法行为委员会,,,3,1,textbook,,
1103,misconduct,不当行为,不当行为,mɪˈskɑndəkt,,3,1,textbook,,
1104,williams-yulee v. florida bar,律师协会案；律师协会,律师协会案；律师协会,,,3,2,textbook,,
1105,selection of judges,选任,选任,səˈlɛkʃən əv ˈʤəʤɪz,,3,1,textbook,,
1106,free speech,言论自由,言论自由,fri spiʧ,,3,1,textbook,,
1107,background of the case,案件背景,案件背景,ˈbækˌgraʊnd əv ðə keɪs,,3,1,textbook,,
1108,code of judicial conduct,司法行为准则,司法行为准则,koʊd əv ʤuˈdɪʃəl ˈkɑndəkt,,3,1,textbook,,
1109,county court,县法院,县法院,ˈkaʊnti kɔrt,,3,2,textbook,,
1110,first amendment,第一修正案,第一修正案,fərst əˈmɛndmənt,,"3,5,6,8",25,textbook,,
1111,public reprimand,公开申斥,公开申斥,ˈpəblɪk ˈrɛprəˌmænd,,3,1,textbook,,
1112,ruling in the case,案件裁决,案件裁决,ˈrulɪŋ ɪn ðə keɪs,,3,1,textbook,,
1113,compelling state interest,重大州利益,重大州利益,kəmˈpɛlɪŋ steɪt ˈɪntəˌrɛst,,3,2,textbook,,
1114,campaign contributions,竞选捐款,竞选捐款,kæmˈpeɪn ˌkɑntrəˈbjuʃənz,,3,1,textbook,,
1115,impartial,公正无偏,公正无偏,ˌɪmˈpɑrʃəl,,3,1,textbook,,
1116,analysis of the case,案件评析,案件评析,æˈnælɪsɪs əv ðə keɪs,,3,1,textbook,,
1117,integrity,正直,正直,ˌɪnˈtɛgrəti,,3,1,textbook,,
1118,impartial judiciary,公正司法,公正司法,ˌɪmˈpɑrʃəl ʤuˈdɪʃiˌɛri,,3,1,textbook,,
1119,appearance of impropriety,不当外观,不当外观,əˈpɪrəns əv ˌɪmprəˈpraɪəti,,3,1,textbook,,
1120,accountability,问责,问责,əˈkaʊntəˌbɪlɪti,,3,1,textbook,,
1121,legitimacy,正当性,正当性,lɪˈʤɪtəməsi,,"3,4",3,textbook,,
1122,administer justice impartially,公正执法,公正执法,ədˈmɪnɪstər ˈʤəstɪs ˌɪmˈpɑrʃəli,,3,1,textbook,,
1123,conclusion,结论,结论,kənˈkluʒən,,"3,4,7,9",4,textbook,,
1124,notes,本章注释,本章注释,noʊts,,3,1,textbook,,
1125,court of appeals,上诉法院,上诉法院,kɔrt əv əˈpilz,,3,1,textbook,,
1126,procedure,程序,程序,prəˈsiʤər,,4,1,textbook,,
1127,federal rules of civil procedure,联邦民事诉讼规则,联邦民事诉讼规则,ˈfɛdərəl rulz əv ˈsɪvəl prəˈsiʤər,,4,2,textbook,,
1128,alternative dispute resolution,替代性纠纷解决,替代性纠纷解决,ɔlˈtərnətɪv dɪˈspjut ˌrɛzəˈluʃən,,4,4,textbook,,
1129,docket,案件表,案件表,ˈdɑkət,,4,3,textbook,,
1130,mediator,调解员,调解员,ˈmidiˌeɪtər,,4,1,textbook,,
1131,civil rights claim,民权诉求,民权诉求,ˈsɪvəl raɪts kleɪm,,4,1,textbook,,
1132,arbitrator,仲裁员,仲裁员,ˈɑrbɪˌtreɪtər,,4,2,textbook,,
1133,subpoena,传唤令,传唤令,səˈpinə,,4,3,textbook,,
1134,civil procedure,民事程序,民事程序,ˈsɪvəl prəˈsiʤər,,4,1,textbook,,
1135,settle,和解,和解,ˈsɛtəl,,4,2,textbook,,
1136,complaint,起诉状；刑事控告书；投诉,起诉状；刑事控告书；投诉,kəmˈpleɪnt,,"3,4",9,textbook,,
1137,general damages,一般损害赔偿,一般损害赔偿,ˈʤɛnərəl ˈdæmɪʤɪz,,4,2,textbook,,
1138,service,送达,送达,ˈsərvɪs,,4,3,textbook,,
1139,summons,传票,传票,ˈsəmənz,,4,2,textbook,,
1140,answer,答辩状,答辩状,ˈænsər,,4,3,textbook,,
1141,demurrer,诉求不充分抗辩,诉求不充分抗辩,,,4,1,textbook,,
1142,default judgment,缺席判决,缺席判决,dɪˈfɔlt ˈʤəʤmənt,,4,2,textbook,,
1143,juror,陪审员,陪审员,ˈʤʊrər,,4,3,textbook,,
1144,privileged,享有特免权的,享有特免权的,ˈprɪvɪlɪʤd,,4,2,textbook,,
1145,deposition,书面证词,书面证词,ˌdɛpəˈzɪʃən,,4,10,textbook,,
1146,direct examination,主询问,主询问,dɪˈrɛkt ɪgˌzæməˈneɪʃən,,4,6,textbook,,
1147,cross-examination,交叉询问,交叉询问,,,4,11,textbook,,
1148,interrogatory,书面质询,书面质询,ˌɪntɛˈrɑgəˌtɔri,,4,4,textbook,,
1149,contempt,藐视法庭,藐视法庭,kənˈtɛmpt,,4,5,textbook,,
1150,subpoena duces tecum,携带文书出庭传票；提交书面文件传票,携带文书出庭传票；提交书面文件传票,,,"4,6",3,textbook,,
1151,stipulate,约定,约定,ˈstɪpjəˌleɪt,,4,2,textbook,,
1152,summary judgment,简易判决,简易判决,ˈsəməri ˈʤəʤmənt,,4,3,textbook,,
1153,prejudicial,偏见性,偏见性,ˌprɛʤəˈdɪʃəl,,4,2,textbook,,
1154,recuse,回避,回避,ˌrɪˈkjuz,,"4,6",2,textbook,,
1155,venire,陪审员候选团,陪审员候选团,,,4,1,textbook,,
1156,venireman,候选陪审员,候选陪审员,,,4,1,textbook,,
1157,challenge for cause,有因回避,有因回避,ˈʧælənʤ fər kɔz,,4,3,textbook,,
1158,peremptory challenge,无因回避,无因回避,pərˈɛmptəri ˈʧælənʤ,,"4,7",7,textbook,,
1159,voir dire,预先审查,预先审查,vwɑr daɪər,,4,2,textbook,,
1160,impanel,组成陪审团,组成陪审团,ˌɪmˈpænəl,,4,1,textbook,,
1161,jury duty,陪审义务,陪审义务,ˈʤʊri ˈduti,,4,1,textbook,,
1162,preponderance of the evidence,证据优势,证据优势,priˈpɑndrəns əv ðə ˈɛvədəns,,"4,9",3,textbook,,
1163,hearsay rule,传闻规则,传闻规则,ˈhirˌseɪ rul,,4,3,textbook,,
1164,objection,异议,异议,əˈbʤɛkʃən,,4,7,textbook,,
1165,reversible error,可撤销错误,可撤销错误,rɪˈvərsəbəl ˈɛrər,,4,5,textbook,,
1166,directed verdict,指示裁决,指示裁决,dɪˈrɛktɪd ˈvərdɪkt,,4,5,textbook,,
1167,general verdict,一般裁决,一般裁决,ˈʤɛnərəl ˈvərdɪkt,,4,1,textbook,,
1168,liable,有责任；无责任,有责任；无责任,ˈlaɪəbəl,,4,2,textbook,,
1169,special issues verdict,特别事项裁决,特别事项裁决,ˈspɛʃəl ˈɪʃuz ˈvərdɪkt,,4,1,textbook,,
1170,harmless error,无害错误,无害错误,ˈhɑrmləs ˈɛrər,,4,2,textbook,,
1171,remittitur,减额,减额,,,4,1,textbook,,
1172,appellant,上诉人,上诉人,,,4,21,textbook,,
1173,appellee,被上诉人,被上诉人,,,4,13,textbook,,
1174,federal rules of appellate procedure,联邦上诉程序规则,联邦上诉程序规则,ˈfɛdərəl rulz əv əˈpɛˌleɪt prəˈsiʤər,,4,1,textbook,,
1175,notice of appeal,上诉通知,上诉通知,ˈnoʊtɪs əv əˈpil,,4,6,textbook,,
1176,serve,送达,送达,sərv,,4,5,textbook,,
1177,proof of service,送达证明,送达证明,pruf əv ˈsərvɪs,,4,1,textbook,,
1178,brief,辩护状,辩护状,brif,,4,9,textbook,,
1179,oral argument,口头辩论,口头辩论,ˈɔrəl ˈɑrgjəmənt,,"2,4",9,textbook,,
1180,panel,合议庭,合议庭,ˈpænəl,,"3,4",5,textbook,,
1181,dissenting opinion,反对意见,反对意见,dɪˈsɛnɪŋ əˈpɪnjən,,4,7,textbook,,
1182,concurring opinion,同意意见,同意意见,kənˈkərɪŋ əˈpɪnjən,,4,8,textbook,,
1183,affirm,维持,维持,əˈfərm,,4,1,textbook,,
1184,writ of certiorari,调卷令,调卷令,,,4,2,textbook,,
1185,rule of four,四人规则,四人规则,rul əv fɔr,,4,1,textbook,,
1186,plurality opinion,相对多数意见,相对多数意见,plərˈælɪti əˈpɪnjən,,4,1,textbook,,
1187,writ of execution,执行令,执行令,rɪt əv ˌɛksəˈkjuʃən,,4,1,textbook,,
1188,garnishment,债权扣押,债权扣押,ˈgɑrnɪʃmənt,,4,1,textbook,,
1189,criminal procedure,刑事程序,刑事程序,ˈkrɪmənəl prəˈsiʤər,,4,1,textbook,,
1190,complaining witness,控告证人,控告证人,kəmˈpleɪnɪŋ ˈwɪtnəs,,4,2,textbook,,
1191,magistrate,治安法官,治安法官,ˈmæʤɪˌstreɪt,,4,9,textbook,,
1192,arrest warrant,逮捕证,逮捕证,ərˈɛst ˈwɔrənt,,"4,7",4,textbook,,
1193,initial appearance,首次出庭,首次出庭,ˌɪˈnɪʃəl əˈpɪrəns,,4,4,textbook,,
1194,miranda v. arizona,米兰达诉亚利桑那州案,米兰达诉亚利桑那州案,mərˈændə vi. ˌɛrɪˈzoʊnə,,"4,7",3,textbook,,
1195,assistance of counsel,辩护律师协助,辩护律师协助,əˈsɪstəns əv ˈkaʊnsəl,,4,1,textbook,,
1196,mallory v. united states,马洛里诉合众国案；马洛里诉美国案,马洛里诉合众国案；马洛里诉美国案,ˈmæləri vi. juˈnaɪtɪd steɪts,,"4,7",3,textbook,,
1197,miranda,米兰达案,米兰达案,mərˈændə,,4,1,textbook,,
1198,custodial arrest,羁押逮捕,羁押逮捕,kəˈstoʊdiəl ərˈɛst,,4,1,textbook,,
1199,preliminary hearing,预审,预审,prɪˈlɪməˌnɛri ˈhirɪŋ,,"3,4",6,textbook,,
1200,bond,保释金,保释金,bɑnd,,4,2,textbook,,
1201,release on own recognizance,具结释放,具结释放,riˈlis ɔn oʊn rɪˈkɑnəzəns,,4,1,textbook,,
1202,probable cause,相当理由；合理根据,相当理由；合理根据,ˈprɑbəbəl kɔz,,"4,7,8",17,textbook,,
1203,prosecutor,检察官,检察官,ˈprɑsɪˌkjutər,,4,11,textbook,,
1204,indictment,起诉；大陪审团起诉,起诉；大陪审团起诉,ˌɪnˈdaɪtmənt,,"4,7",6,textbook,,
1205,indictment by grand jury,大陪审团起诉,大陪审团起诉,ˌɪnˈdaɪtmənt baɪ grænd ˈʤʊri,,4,1,textbook,,
1206,true bill,准予起诉,准予起诉,tru bɪl,,4,1,textbook,,
1207,no bill,不予起诉,不予起诉,noʊ bɪl,,4,1,textbook,,
1208,indictment by information,检察官起诉书起诉,检察官起诉书起诉,ˌɪnˈdaɪtmənt baɪ ˌɪnˌfɔrˈmeɪʃən,,4,1,textbook,,
1209,indict,起诉,起诉,ˌɪnˈdaɪt,,4,1,textbook,,
1210,arraignment,传讯,传讯,ərˈeɪnmənt,,"3,4,7",9,textbook,,
1211,plea,答辩,答辩,pli,,4,11,textbook,,
1212,nolo contendere,不予争辩,不予争辩,,,4,4,textbook,,
1213,self-incrimination,自证其罪；反对自证其罪,自证其罪；反对自证其罪,,,"4,7",15,textbook,,
1214,jeopardy,审判危险,审判危险,ˈʤɛpərdi,,4,2,textbook,,
1215,preponderance,证据优势,证据优势,priˈpɑndrəns,,4,1,textbook,,
1216,reasonable doubt,合理怀疑,合理怀疑,ˈrizənəbəl daʊt,,4,2,textbook,,
1217,hung jury,僵持陪审团,僵持陪审团,həŋ ˈʤʊri,,4,2,textbook,,
1218,sequester,隔离,隔离,sɪkˈwɛstər,,4,2,textbook,,
1219,habeas corpus,人身保护令,人身保护令,ˈhæbiəs ˈkɔrpəs,,"4,7",6,textbook,,
1220,direct evidence,直接证据,直接证据,dɪˈrɛkt ˈɛvədəns,,4,7,textbook,,
1221,circumstantial evidence,间接证据,间接证据,ˌsərkəmˈstænʃəl ˈɛvədəns,,4,5,textbook,,
1222,tangible evidence,有形证据,有形证据,ˈtænʤəbəl ˈɛvədəns,,4,7,textbook,,
1223,judicial notice,司法认知,司法认知,ʤuˈdɪʃəl ˈnoʊtɪs,,"4,5",7,textbook,,
1224,real evidence,实物证据,实物证据,ril ˈɛvədəns,,4,3,textbook,,
1225,demonstrative evidence,演示证据,演示证据,dɪˈmɑnstrətɪv ˈɛvədəns,,4,2,textbook,,
1226,pennsylvania v. muniz,宾州诉穆尼兹案,宾州诉穆尼兹案,ˌpɛnsəlˈveɪnjə vi. mˈjunɪz,,4,1,textbook,,
1227,miranda warnings,米兰达警告,米兰达警告,mərˈændə ˈwɔrnɪŋz,,4,1,textbook,,
1228,affidavit,宣誓书,宣誓书,ˌæfəˈdeɪvət,,4,1,textbook,,
1229,affirmation,确认,确认,ˌæfərˈmeɪʃən,,4,1,textbook,,
1230,federal rules of evidence,联邦证据规则,联邦证据规则,ˈfɛdərəl rulz əv ˈɛvədəns,,4,2,textbook,,
1231,stipulation,诉讼协议,诉讼协议,ˌstɪpjəˈleɪʃən,,4,2,textbook,,
1232,laying a predicate,奠定基础,奠定基础,leɪɪŋ ə ˈprɛdɪkət,,4,1,textbook,,
1233,object,反对,反对,ˈɑbʤɛkt,,4,1,textbook,,
1234,motion in limine,庭前排除证据动议,庭前排除证据动议,ˈmoʊʃən ɪn lɪˈmin,,4,1,textbook,,
1235,compromise,和解,和解,ˈkɑmprəˌmaɪz,,4,1,textbook,,
1236,competency,能力,能力,ˈkɑmpətɪnsi,,4,3,textbook,,
1237,expert witness,专家证人,专家证人,ˈɛkspərt ˈwɪtnəs,,4,3,textbook,,
1238,probative value,证明力,证明力,proʊˈbeɪtɪv ˈvælju,,4,1,textbook,,
1239,privilege,特免权,特免权,ˈprɪvɪlɪʤ,,4,8,textbook,,
1240,penitent,忏悔者,忏悔者,ˈpɛnɪtɪnt,,4,1,textbook,,
1241,informer,线人,线人,ˌɪnˈfɔrmər,,4,2,textbook,,
1242,shield laws,记者特免法,记者特免法,ʃild lɔz,,4,1,textbook,,
1243,rule against hearsay,反传闻规则,反传闻规则,rul əˈgɛnst ˈhirˌseɪ,,4,7,textbook,,
1244,hearsay,传闻,传闻,ˈhirˌseɪ,,4,16,textbook,,
1245,sworn,宣誓,宣誓,swɔrn,,4,1,textbook,,
1246,hearsay evidence,传闻证据,传闻证据,ˈhirˌseɪ ˈɛvədəns,,4,1,textbook,,
1247,declarant,陈述人,陈述人,dɪˈklɛrənt,,4,11,textbook,,
1248,dying declarations,临终陈述,临终陈述,daɪɪŋ ˌdɛklərˈeɪʃənz,,4,1,textbook,,
1249,residual exception,兜底例外,兜底例外,rɪˈzɪʤuəl ɪkˈsɛpʃən,,4,1,textbook,,
1250,present sense impression,即时印象陈述,即时印象陈述,ˈprɛzənt sɛns ˌɪmˈprɛʃən,,4,1,textbook,,
1251,excited utterance,激动言辞,激动言辞,ɪkˈsaɪtɪd ˈətərəns,,4,1,textbook,,
1252,ancient documents,古文书,古文书,ˈeɪnʧənt ˈdɑkjəmənts,,4,1,textbook,,
1253,learned treatises,权威学术论著,权威学术论著,ˈlərnɪd ˈtritəsəz,,4,1,textbook,,
1254,probative,证明力,证明力,proʊˈbeɪtɪv,,4,2,textbook,,
1255,weeks v. united states,威克斯诉合众国案；威克斯诉美国案,威克斯诉合众国案；威克斯诉美国案,wiks vi. juˈnaɪtɪd steɪts,,"4,7",3,textbook,,
1256,mapp v. ohio,马普诉俄亥俄州案,马普诉俄亥俄州案,mæp vi. oʊˈhaɪoʊ,,"4,7",4,textbook,,
1257,fruit of the poisonous tree,毒树之果,毒树之果,frut əv ðə ˈpɔɪzənəs tri,,4,1,textbook,,
1258,junk science,垃圾科学,垃圾科学,ʤəŋk saɪəns,,4,1,textbook,,
1259,forensic science,法庭科学,法庭科学,ˌfɔˈrɛnsɪk saɪəns,,4,7,textbook,,
1260,limitation,限制；时效,限制；时效,ˌlɪmɪˈteɪʃən,,5,4,textbook,,
1261,judicial restraint,司法克制,司法克制,ʤuˈdɪʃəl rɪˈstreɪnt,,"5,6,8",12,textbook,,
1262,appellate court,上诉法院,上诉法院,əˈpɛˌleɪt kɔrt,,"3,5",2,textbook,,
1263,judicial gatekeeping,司法守门,司法守门,,,"5,9",2,textbook,,
1264,adjudication,裁判,裁判,əˌʤudəˈkeɪʃən,,"5,8",2,textbook,,
1265,taxpayer,纳税人,纳税人,ˈtækˌspeɪər,,5,14,textbook,,
1266,judicial doctrine,司法原则,司法原则,ʤuˈdɪʃəl ˈdɔktərɪn,,5,2,textbook,,
1267,standing,起诉权；起诉资格；诉讼资格,起诉权；起诉资格；诉讼资格,ˈstændɪŋ,,"5,6,8,9",51,textbook,,
1268,cause of action,诉因,诉因,kɔz əv ˈækʃən,,5,2,textbook,,
1269,taxpayers' suit,纳税人诉讼,纳税人诉讼,ˈtækˌspeɪərz' sut,,5,9,textbook,,
1270,enjoin,禁止,禁止,ˌɛnˈʤɔɪn,,5,2,textbook,,
1271,personal stake,个人利害关系,个人利害关系,ˈpərsɪnəl steɪk,,5,4,textbook,,
1272,adversariness,对抗性,对抗性,,,5,1,textbook,,
1273,nexus,联系,联系,ˈnɛksəs,,5,2,textbook,,
1274,petitioner,申请人,申请人,pəˈtɪʃənər,,5,2,textbook,,
1275,mootness,无实际意义,无实际意义,,,"5,8",20,textbook,,
1276,ripeness,成熟性,成熟性,,,"5,8",8,textbook,,
1277,adversary system,对抗制,对抗制,ˈædvərˌsɛri ˈsɪstəm,,5,2,textbook,,
1278,affirmative action,纠正歧视行动,纠正歧视行动,əˈfərmətɪv ˈækʃən,,"5,6",8,textbook,,
1279,LSAT,法学院入学考试,法学院入学考试,,,5,1,textbook,,
1280,reverse discrimination,逆向歧视,逆向歧视,rɪˈvərs dɪˌskrɪməˈneɪʃən,,"5,6",2,textbook,,
1281,administrative remedy,行政救济,行政救济,ədˈmɪnɪˌstreɪtɪv ˈrɛmədi,,5,1,textbook,,
1282,undue hardship,过度困难,过度困难,ənˈdu ˈhɑrdʃɪp,,5,1,textbook,,
1283,political question,政治问题,政治问题,pəˈlɪtɪkəl kˈwɛʃən,,"5,6",15,textbook,,
1284,political question doctrine,政治问题原则,政治问题原则,pəˈlɪtɪkəl kˈwɛʃən ˈdɔktərɪn,,5,5,textbook,,
1285,judicial remedy,司法救济,司法救济,ʤuˈdɪʃəl ˈrɛmədi,,5,1,textbook,,
1286,political thicket,政治荆棘丛,政治荆棘丛,pəˈlɪtɪkəl ˈθɪkɪt,,5,2,textbook,,
1287,executive privilege,行政特权,行政特权,ɪgˈzɛkjətɪv ˈprɪvɪlɪʤ,,"5,6",12,textbook,,
1288,legal limitations,限制,限制,ˈligəl ˌlɪmɪˈteɪʃənz,,5,1,textbook,,
1289,judicial jurisdiction,司法管辖权,司法管辖权,ʤuˈdɪʃəl ˌʤʊrɪsˈdɪkʃən,,5,2,textbook,,
1290,forum,法院地,法院地,ˈfɔrəm,,5,10,textbook,,
1291,diversity of citizenship,异州籍,异州籍,dɪˈvərsɪti əv ˈsɪtɪzənˌʃɪp,,5,1,textbook,,
1292,in personum jurisdiction,对人管辖权,对人管辖权,,,5,4,textbook,,
1293,in rem jurisdiction,对物管辖权,对物管辖权,ɪn rɛm ˌʤʊrɪsˈdɪkʃən,,5,2,textbook,,
1294,suit in rem,对物诉讼,对物诉讼,sut ɪn rɛm,,5,1,textbook,,
1295,personal jurisdiction,对人管辖权,对人管辖权,ˈpərsɪnəl ˌʤʊrɪsˈdɪkʃən,,5,1,textbook,,
1296,long-arm statute,长臂制定法,长臂制定法,,,5,2,textbook,,
1297,judgment in personum,对人判决,对人判决,,,5,1,textbook,,
1298,minimum contacts,最低限度联系,最低限度联系,ˈmɪnəməm ˈkɑnˌtækts,,5,1,textbook,,
1299,personal service,直接送达,直接送达,ˈpərsɪnəl ˈsərvɪs,,5,3,textbook,,
1300,substituted service,替代送达,替代送达,ˈsəbstəˌtutəd ˈsərvɪs,,5,4,textbook,,
1301,petition,诉状,诉状,pəˈtɪʃən,,5,2,textbook,,
1302,quasi-in-rem jurisdiction,准对物管辖权,准对物管辖权,,,5,1,textbook,,
1303,pleading,诉答文书；诉答程序,诉答文书；诉答程序,ˈplidɪŋ,,"5,13",3,textbook,,
1304,pretrial motion,审前动议,审前动议,priˈtraɪəl ˈmoʊʃən,,5,1,textbook,,
1305,venue statute,审判地制定法,审判地制定法,ˈvɛnju ˈstæʧut,,5,1,textbook,,
1306,forum non conveniens,不方便审理的法院,不方便审理的法院,,,5,1,textbook,,
1307,statute of limitations,诉讼时效；诉讼时效法,诉讼时效；诉讼时效法,ˈstæʧut əv ˌlɪmɪˈteɪʃənz,,5,9,textbook,,
1308,toll,时效中止,时效中止,toʊl,,5,3,textbook,,
1309,conflict of laws,法律冲突,法律冲突,ˈkɑnflɪkt əv lɔz,,5,3,textbook,,
1310,choice-of-law,法律选择,法律选择,,,5,5,textbook,,
1311,full faith and credit clause,充分信任和尊重条款,充分信任和尊重条款,fʊl feɪθ ənd ˈkrɛdɪt klɔz,,5,3,textbook,,
1312,forum shop,选择法院,选择法院,ˈfɔrəm ʃɑp,,5,1,textbook,,
1313,forum state,法院地州,法院地州,ˈfɔrəm steɪt,,5,1,textbook,,
1314,diversity jurisdiction,异籍管辖权,异籍管辖权,dɪˈvərsɪti ˌʤʊrɪsˈdɪkʃən,,5,3,textbook,,
1315,foreign law,外国法,外国法,ˈfɔrən lɔ,,5,3,textbook,,
1316,internal law,内国法,内国法,ˌɪnˈtərnəl lɔ,,5,1,textbook,,
1317,renvoi,反致,反致,,,5,2,textbook,,
1318,procedural matter,程序事项,程序事项,prəˈsiʤərəl ˈmætər,,5,1,textbook,,
1319,substantive matter,实体事项,实体事项,ˈsəbstəntɪv ˈmætər,,5,1,textbook,,
1320,full faith and credit,充分信任和尊重,充分信任和尊重,fʊl feɪθ ənd ˈkrɛdɪt,,5,1,textbook,,
1321,equity decree,衡平法令,衡平法令,ˈɛkwəti dɪˈkri,,5,1,textbook,,
1322,obiter dictum,附带意见,附带意见,,,5,1,textbook,,
1323,ratio decidendi,判决理由,判决理由,,,5,1,textbook,,
1324,equal protection of the law,法律平等保护,法律平等保护,ˈikwəl prəˈtɛkʃən əv ðə lɔ,,6,1,textbook,,
1325,judiciary act,司法法,司法法,ʤuˈdɪʃiˌɛri ækt,,6,1,textbook,,
1326,writ of mandamus,执行职务令,执行职务令,rɪt əv mænˈdeɪməs,,"6,8",2,textbook,,
1327,mandamus,执行职务令,执行职务令,mænˈdeɪməs,,6,8,textbook,,
1328,original action,初审诉讼,初审诉讼,ərˈɪʤənəl ˈækʃən,,6,1,textbook,,
1329,original jurisdiction,初审管辖权,初审管辖权,ərˈɪʤənəl ˌʤʊrɪsˈdɪkʃən,,6,5,textbook,,
1330,advisory opinion,咨询意见,咨询意见,ædˈvaɪzəri əˈpɪnjən,,6,1,textbook,,
1331,case or controversy,案件或争议,案件或争议,keɪs ər ˈkɑntrəˌvərsi,,6,1,textbook,,
1332,ripe,成熟,成熟,raɪp,,6,1,textbook,,
1333,right to counsel,获得律师帮助权；获得律师辩护权,获得律师帮助权；获得律师辩护权,raɪt tɪ ˈkaʊnsəl,,"6,7",30,textbook,,
1334,sixth amendment,第六修正案,第六修正案,sɪksθ əˈmɛndmənt,,6,2,textbook,,
1335,in forma pauperis,贫民身份,贫民身份,,,6,1,textbook,,
1336,fourteenth amendment,第十四修正案,第十四修正案,ˌfɔrˈtinθ əˈmɛndmənt,,6,10,textbook,,
1337,constitutional interpretation,宪法解释,宪法解释,ˌkɑnstəˈtuʃənəl ˌɪnˌtərprɪˈteɪʃən,,6,6,textbook,,
1338,right of privacy,隐私权,隐私权,raɪt əv ˈpraɪvəsi,,6,2,textbook,,
1339,original intention,原初意图,原初意图,ərˈɪʤənəl ˌɪnˈtɛnʧən,,6,17,textbook,,
1340,judicial activism,司法能动,司法能动,ʤuˈdɪʃəl ˈæktɪˌvɪzəm,,6,2,textbook,,
1341,eighth amendment,第八修正案,第八修正案,eɪθ əˈmɛndmənt,,6,2,textbook,,
1342,moderate originalism,温和原旨主义,温和原旨主义,,,6,1,textbook,,
1343,interpretivism,解释主义,解释主义,,,6,10,textbook,,
1344,symbolic speech,象征性言论,象征性言论,sɪmˈbɑlɪk spiʧ,,6,6,textbook,,
1345,non-interpretivism,非解释主义,非解释主义,,,6,9,textbook,,
1346,living constitution,活宪法,活宪法,ˈlɪvɪŋ ˌkɑnstəˈtuʃən,,6,1,textbook,,
1347,constitutional doctrine,主要宪法原则,主要宪法原则,ˌkɑnstəˈtuʃənəl ˈdɔktərɪn,,6,1,textbook,,
1348,police power,警察权；治安权,警察权；治安权,pəˈlis paʊər,,"6,9",12,textbook,,
1349,dual federalism,二元联邦制,二元联邦制,duəl ˈfɛdərəˌlɪzəm,,6,5,textbook,,
1350,cooperative federalism,合作联邦制,合作联邦制,koʊˈɑpərˌeɪtɪv ˈfɛdərəˌlɪzəm,,6,4,textbook,,
1351,eleventh amendment,第十一修正案,第十一修正案,ˈilɛvənθ əˈmɛndmənt,,6,1,textbook,,
1352,checks and balances,制衡,制衡,ʧɛks ənd ˈbælənsɪz,,6,4,textbook,,
1353,presentment clause,送呈条款,送呈条款,priˈzɛntmənt klɔz,,6,1,textbook,,
1354,recess appointment,休会任命,休会任命,ˈrisɛs əˈpɔɪntmənt,,6,4,textbook,,
1355,recess,休会,休会,ˈrisɛs,,6,1,textbook,,
1356,due process of law clause,正当法律程序条款,正当法律程序条款,du ˈprɔˌsɛs əv lɔ klɔz,,6,1,textbook,,
1357,fifth amendment,第五修正案,第五修正案,fɪθ əˈmɛndmənt,,6,2,textbook,,
1358,amendment,修正案,修正案,əˈmɛndmənt,,6,1,textbook,,
1359,substantive due process,实质性正当程序,实质性正当程序,ˈsəbstəntɪv du ˈprɔˌsɛs,,6,4,textbook,,
1360,incorporation,并入,并入,ˌɪnˌkɔrpərˈeɪʃən,,6,2,textbook,,
1361,total incorporation,全部并入,全部并入,ˈtoʊtəl ˌɪnˌkɔrpərˈeɪʃən,,6,2,textbook,,
1362,selective incorporation,选择性并入,选择性并入,səˈlɛktɪv ˌɪnˌkɔrpərˈeɪʃən,,6,4,textbook,,
1363,due process plus,正当程序附加,正当程序附加,du ˈprɔˌsɛs pləs,,6,1,textbook,,
1364,suspect classification,敏感分类,敏感分类,ˈsəˌspɛkt ˌklæsəfəˈkeɪʃən,,6,2,textbook,,
1365,suspect class,敏感类别,敏感类别,ˈsəˌspɛkt klæs,,6,7,textbook,,
1366,lemon test,莱蒙检验,莱蒙检验,ˈlɛmən tɛst,,6,2,textbook,,
1367,marketplace of ideas,思想市场,思想市场,ˈmɑrkɪtˌpleɪs əv aɪˈdiəz,,6,1,textbook,,
1368,pure speech,纯粹言论,纯粹言论,pjʊr spiʧ,,6,6,textbook,,
1369,speech plus action,言论加行动,言论加行动,spiʧ pləs ˈækʃən,,6,2,textbook,,
1370,clear and present danger test,明显而即刻的危险检验,明显而即刻的危险检验,klɪr ənd ˈprɛzənt ˈdeɪnʤər tɛst,,6,1,textbook,,
1371,fighting words,挑衅性言论,挑衅性言论,ˈfaɪtɪŋ wərdz,,6,2,textbook,,
1372,freedom of the press,新闻自由,新闻自由,ˈfridəm əv ðə prɛs,,6,5,textbook,,
1373,prior restraint,事先限制,事先限制,praɪər rɪˈstreɪnt,,6,3,textbook,,
1374,obscenity,淫秽,淫秽,əbˈsɛnɪti,,6,3,textbook,,
1375,substantive criminal law,实体刑法,实体刑法,ˈsəbstəntɪv ˈkrɪmənəl lɔ,,7,3,textbook,,
1376,rape,强奸,强奸,reɪp,,7,15,textbook,,
1377,procedural criminal law,程序刑法,程序刑法,prəˈsiʤərəl ˈkrɪmənəl lɔ,,7,2,textbook,,
1378,elements of a crime,犯罪的构成要件；犯罪构成要件,犯罪的构成要件；犯罪构成要件,ˈɛləmənts əv ə kraɪm,,7,5,textbook,,
1379,juvenile justice system,少年司法制度,少年司法制度,ˈʤuvəˌnaɪl ˈʤəstɪs ˈsɪstəm,,7,1,textbook,,
1380,self-defense,正当防卫,正当防卫,ˌsɛlfdɪˈfɛns,,7,2,textbook,,
1381,prostitution,卖淫,卖淫,ˌprɑstəˈtuʃən,,7,5,textbook,,
1382,burglary,入室盗窃,入室盗窃,ˈbərgləri,,7,2,textbook,,
1383,victimless crimes,无被害人犯罪,无被害人犯罪,ˈvɪktəmləs kraɪmz,,7,1,textbook,,
1384,criminal liability,刑事责任,刑事责任；公司对杀人罪的刑事责任；公司刑事责任,ˈkrɪmənəl ˌlaɪəˈbɪlɪti,《元照》：刑事责任。原“公司刑事责任”“公司对杀人罪的刑事责任”属于 corporate criminal liability 或具体案例语境，已从一般词头移出。,7,12,textbook,aggregation_cleanup,criminal liability 刑事责任。
1385,loving v. virginia,洛文诉弗吉尼亚州案,洛文诉弗吉尼亚州案,ˈləvɪŋ vi. vərˈʤɪnjə,,7,1,textbook,,
1386,lawrence v. texas,劳伦斯诉得克萨斯州案,劳伦斯诉得克萨斯州案,ˈlɔrəns vi. ˈtɛksəs,,7,1,textbook,,
1387,phalen v. virginia,菲伦诉弗吉尼亚州案,菲伦诉弗吉尼亚州案,ˈfælən vi. vərˈʤɪnjə,,7,1,textbook,,
1388,actus reus,犯罪行为,犯罪行为,,,7,9,textbook,,
1389,criminal statute,刑事制定法,刑事制定法,ˈkrɪmənəl ˈstæʧut,,7,3,textbook,,
1390,criminal punishment,刑事惩罚,刑事惩罚,ˈkrɪmənəl ˈpənɪʃmənt,,7,1,textbook,,
1391,crimes of omission,不作为犯,不作为犯,kraɪmz əv oʊˈmɪʃən,,7,1,textbook,,
1392,crimes of commission,作为犯,作为犯,kraɪmz əv kəˈmɪʃən,,7,1,textbook,,
1393,robinson v. california,罗宾逊诉加利福尼亚州案,罗宾逊诉加利福尼亚州案,ˈrɑbənsən vi. ˌkæləˈfɔrnjə,,7,2,textbook,,
1394,powell v. texas,鲍威尔诉得克萨斯州案,鲍威尔诉得克萨斯州案,ˈpɑwɛl vi. ˈtɛksəs,,7,2,textbook,,
1395,mens rea,犯罪意图,犯罪意图,mɛnz reɪ,,7,10,textbook,,
1396,criminal negligence,刑事过失,刑事过失,ˈkrɪmənəl ˈnɛglɪʤəns,,7,1,textbook,,
1397,scienter,明知,明知,,,7,3,textbook,,
1398,legal defense,法定抗辩；法律抗辩,法定抗辩；法律抗辩,ˈligəl dɪˈfɛns,,7,2,textbook,,
1399,insanity defense,精神错乱抗辩,精神错乱抗辩,ˌɪnˈsænɪti dɪˈfɛns,,7,1,textbook,,
1400,penry v. lynaugh,彭里诉莱诺案,彭里诉莱诺案,,,7,2,textbook,,
1401,atkins v. virginia,阿特金斯诉弗吉尼亚州案,阿特金斯诉弗吉尼亚州案,ˈætkɪnz vi. vərˈʤɪnjə,,7,2,textbook,,
1402,juvenile,未成年人,未成年人,ˈʤuvəˌnaɪl,,7,1,textbook,,
1403,causation,因果关系,因果关系,ˌkɔˈzeɪʃən,,7,9,textbook,,
1404,but for,若无,若无,bət fər,,7,1,textbook,,
1405,direct causation,直接原因,直接原因,dɪˈrɛkt ˌkɔˈzeɪʃən,,7,1,textbook,,
1406,manslaughter,过失杀人,过失杀人,ˈmænsˌlɔtər,,7,1,textbook,,
1407,assault with a deadly weapon,持致命武器攻击,持致命武器攻击,əˈsɔlt wɪθ ə ˈdɛdli ˈwɛpən,,7,1,textbook,,
1408,culpability,罪责,罪责,ˌkəlpəˈbɪlɪti,,7,8,textbook,,
1409,principals of the first and second degrees,一级和二级主犯,一级和二级主犯,ˈprɪnsəpəlz əv ðə fərst ənd ˈsɛkənd dɪˈgriz,,7,1,textbook,,
1410,accessories before and after the fact,事前从犯与事后从犯,事前从犯与事后从犯,ækˈsɛsəriz ˌbiˈfɔr ənd ˈæftər ðə fækt,,7,1,textbook,,
1411,accessory,从犯,从犯,ækˈsɛsəri,,7,5,textbook,,
1412,accessory before the fact,事前从犯,事前从犯,ækˈsɛsəri ˌbiˈfɔr ðə fækt,,7,1,textbook,,
1413,accessory after the fact,事后从犯,事后从犯,ækˈsɛsəri ˈæftər ðə fækt,,7,6,textbook,,
1414,conspiracy,共谋,共谋,kənˈspɪrəsi,,7,1,textbook,,
1415,criminal penalty,刑事处罚,刑事处罚,ˈkrɪmənəl ˈpɛnəlti,,7,1,textbook,,
1416,penal codes,刑法典,刑法典,ˈpinəl koʊdz,,7,1,textbook,,
1417,criminal responsibility,刑事责任,刑事责任,ˈkrɪmənəl riˌspɑnsəˈbɪləti,,7,2,textbook,,
1418,statutory defenses,法定抗辩,法定抗辩,ˈstæʧəˌtɔri dɪˈfɛnsɪz,,7,2,textbook,,
1419,choice of evils,紧急避险,紧急避险,ʧɔɪs əv ˈivəlz,,7,1,textbook,,
1420,alibi,不在场证明,不在场证明,ˈæləˌbaɪ,,7,1,textbook,,
1421,standard of proof,证明标准,证明标准,ˈstændərd əv pruf,,7,1,textbook,,
1422,preponderance of evidence,证据优势,证据优势,priˈpɑndrəns əv ˈɛvədəns,,7,2,textbook,,
1423,connally v. general construction co.,康纳利诉通用建筑公司案,康纳利诉通用建筑公司案,ˈkɑnəli vi. ˈʤɛnərəl kənˈstrəkʃən koʊ.,,7,1,textbook,,
1424,roper v. simmons,罗珀诉西蒙斯案,罗珀诉西蒙斯案,ˈroʊpər vi. ˈsɪmənz,,7,1,textbook,,
1425,arrest,逮捕,逮捕,ərˈɛst,,7,23,textbook,,
1426,search and seizure,搜查与扣押,搜查与扣押,sərʧ ənd ˈsiʒər,,7,17,textbook,,
1427,search warrant,搜查证,搜查证,sərʧ ˈwɔrənt,,"7,8",11,textbook,,
1428,general warrants,通用搜查证,通用搜查证,ˈʤɛnərəl ˈwɔrənts,,7,1,textbook,,
1429,contraband,违禁品,违禁品,ˈkɑntrəˌbænd,,7,3,textbook,,
1430,fruits of the crime,犯罪所得,犯罪所得,fruts əv ðə kraɪm,,7,2,textbook,,
1431,instrumentalities of the crime,犯罪工具,犯罪工具,,,7,2,textbook,,
1432,warden v. hayden,瓦登诉海登案,瓦登诉海登案,ˈwɔrdən vi. ˈheɪdən,,7,2,textbook,,
1433,mere evidence,纯粹证据,纯粹证据,mɪr ˈɛvədəns,,7,5,textbook,,
1434,deterrence,威慑,威慑,dɪˈtərəns,,7,11,textbook,,
1435,wolf v. colorado,沃尔夫诉科罗拉多州案,沃尔夫诉科罗拉多州案,wʊlf vi. ˌkɑlərˈɑdoʊ,,7,2,textbook,,
1436,chimel v. california,奇梅尔诉加利福尼亚州案,奇梅尔诉加利福尼亚州案,,,7,2,textbook,,
1437,stop-and-frisk,截停搜身,截停搜身,,,7,3,textbook,,
1438,terry v. ohio,特里诉俄亥俄州案,特里诉俄亥俄州案,ˈtɛri vi. oʊˈhaɪoʊ,,7,2,textbook,,
1439,reasonable suspicion,合理怀疑,合理怀疑,ˈrizənəbəl səˈspɪʃən,,7,6,textbook,,
1440,carroll v. united states,卡罗尔诉美国案,卡罗尔诉美国案,ˈkɛrəl vi. juˈnaɪtɪd steɪts,,7,2,textbook,,
1441,city of indianapolis v. edmonds,印第安纳波利斯市诉埃德蒙兹案,印第安纳波利斯市诉埃德蒙兹案,ˈsɪti əv ˌɪndiəˈnæpəlɪs vi. ˈɛdməndz,,7,1,textbook,,
1442,plain-view doctrine,明视原则,明视原则,,,7,4,textbook,,
1443,wiretapping,搭线窃听,搭线窃听,ˈwaɪərˌtæpɪŋ,,7,4,textbook,,
1444,harris v. united states,哈里斯诉美国案,哈里斯诉美国案,ˈhɛrɪs vi. juˈnaɪtɪd steɪts,,7,2,textbook,,
1445,olmstead v. united states,奥姆斯特德诉美国案,奥姆斯特德诉美国案,ˈoʊlmˌstɛd vi. juˈnaɪtɪd steɪts,,7,1,textbook,,
1446,katz v. united states,卡茨诉美国案,卡茨诉美国案,kæts vi. juˈnaɪtɪd steɪts,,7,2,textbook,,
1447,kyllo v. united states,凯洛诉美国案,凯洛诉美国案,ˈkɪloʊ vi. juˈnaɪtɪd steɪts,,7,2,textbook,,
1448,rochin v. california,罗钦诉加利福尼亚州案,罗钦诉加利福尼亚州案,,,7,3,textbook,,
1449,hudson v. michigan,哈德森诉密歇根州案,哈德森诉密歇根州案,ˈhədsən vi. ˈmɪʃɪgən,,7,1,textbook,,
1450,georgia v. randolph,佐治亚州诉伦道夫案,佐治亚州诉伦道夫案,ˈʤɔrʤə vi. ˈrændɑlf,,7,1,textbook,,
1451,riley v. california,莱利诉加利福尼亚州案,莱利诉加利福尼亚州案,ˈraɪli vi. ˌkæləˈfɔrnjə,,7,1,textbook,,
1452,escobedo v. illinois,埃斯科贝多诉伊利诺伊州案,埃斯科贝多诉伊利诺伊州案,ɛskoʊˈbeɪdoʊ vi. ˌɪləˈnɔɪz,,7,2,textbook,,
1453,plea bargaining,控辩交易,控辩交易,pli ˈbɑrgɪnɪŋ,,7,3,textbook,,
1454,mathis v. united states,马西斯诉美国案,马西斯诉美国案,ˈmæθɪs vi. juˈnaɪtɪd steɪts,,7,2,textbook,,
1455,orozco v. texas,奥罗斯科诉得克萨斯州案,奥罗斯科诉得克萨斯州案,ɔˈroʊzkoʊ vi. ˈtɛksəs,,7,2,textbook,,
1456,beckwith v. united states,贝克威思诉美国案,贝克威思诉美国案,ˈbɛkˌwɪθ vi. juˈnaɪtɪd steɪts,,7,2,textbook,,
1457,oregon v. mathiason,俄勒冈州诉马蒂亚森案,俄勒冈州诉马蒂亚森案,ˈɔrəˌgɑn vi. məˈθaɪəsən,,7,2,textbook,,
1458,estelle v. smith,埃斯特尔诉史密斯案,埃斯特尔诉史密斯案,ɛˈstɛl vi. smɪθ,,7,2,textbook,,
1459,brewer v. williams,布鲁尔诉威廉姆斯案,布鲁尔诉威廉姆斯案,bruər vi. ˈwɪljəmz,,7,5,textbook,,
1460,north carolina v. butler,北卡罗来纳州诉巴特勒案,北卡罗来纳州诉巴特勒案,nɔrθ ˌkɛrəˈlaɪnə vi. ˈbətlər,,7,2,textbook,,
1461,berghuis v. thompkins,伯格胡伊斯诉汤普金斯案,伯格胡伊斯诉汤普金斯案,ˈbərghuɪz vi. ˈtɑmpkɪnz,,7,2,textbook,,
1462,twining v. new jersey,特怀宁诉新泽西州案,特怀宁诉新泽西州案,tˈwaɪnɪŋ vi. nu ˈʤərzi,,7,2,textbook,,
1463,adamson v. california,亚当森诉加利福尼亚州案,亚当森诉加利福尼亚州案,ˈædəmsən vi. ˌkæləˈfɔrnjə,,7,2,textbook,,
1464,malloy v. hogan,马洛伊诉霍根案,马洛伊诉霍根案,məˈlɔɪ vi. ˈhoʊˌgɑn,,7,2,textbook,,
1465,boyd v. united states,博伊德诉美国案,博伊德诉美国案,bɔɪd vi. juˈnaɪtɪd steɪts,,7,2,textbook,,
1466,breithaupt v. abram,布罗伊特豪普特诉艾布拉姆案,布罗伊特豪普特诉艾布拉姆案,ˈbraɪθaʊpt vi. əˈbræm,,7,2,textbook,,
1467,schmerber v. california,施默伯诉加利福尼亚州案,施默伯诉加利福尼亚州案,,,7,2,textbook,,
1468,lineup,列队辨认,列队辨认,ˈlaɪˌnəp,,7,3,textbook,,
1469,powell v. alabama,鲍威尔诉亚拉巴马州案,鲍威尔诉亚拉巴马州案,ˈpɑwɛl vi. ˌæləˈbæmə,,7,1,textbook,,
1470,dickerson v. united states,迪克森诉美国案,迪克森诉美国案,ˈdɪkərsən vi. juˈnaɪtɪd steɪts,,7,1,textbook,,
1471,missouri v. seibert,密苏里州诉塞伯特案,密苏里州诉塞伯特案,məˈzʊri vi. ˈsaɪbərt,,7,1,textbook,,
1472,missouri v. mcneely,密苏里州诉麦克尼利案,密苏里州诉麦克尼利案,məˈzʊri vi. məkˈnili,,7,1,textbook,,
1473,united states v. wade,美国诉韦德案,美国诉韦德案,juˈnaɪtɪd steɪts vi. weɪd,,7,1,textbook,,
1474,parole,假释,假释,pəroʊl,,7,4,textbook,,
1475,probationer,缓刑犯,缓刑犯,proʊˈbeɪʃənər,,7,2,textbook,,
1476,theories of punishment,刑罚理论,刑罚理论,ˈθɪriz əv ˈpənɪʃmənt,,7,1,textbook,,
1477,rehabilitation,改造,改造,ˌriəˌbɪləˈteɪʃən,,7,6,textbook,,
1478,lex talionis,同态复仇法,同态复仇法,,,7,1,textbook,,
1479,types of punishment,刑罚种类,刑罚种类,taɪps əv ˈpənɪʃmənt,,7,1,textbook,,
1480,probation officer,缓刑官,缓刑官,proʊˈbeɪʃən ˈɔfɪsər,,7,1,textbook,,
1481,suspended sentence,暂缓监禁,暂缓监禁,səˈspɛndɪd ˈsɛntəns,,7,1,textbook,,
1482,deferred adjudication,延期裁判,延期裁判,dɪˈfərd əˌʤudəˈkeɪʃən,,7,3,textbook,,
1483,parole officer,假释官,假释官,pəroʊl ˈɔfɪsər,,7,1,textbook,,
1484,discretion,自由裁量权,自由裁量权,dɪˈskrɛʃən,,"7,8",3,textbook,,
1485,good time,良好表现减刑,良好表现减刑,gʊd taɪm,,7,4,textbook,,
1486,determinate sentencing,确定量刑,确定量刑,dɪˈtərməˌneɪt ˈsɛntənsɪŋ,,7,1,textbook,,
1487,prisoners' rights,囚犯权利,囚犯权利,ˈprɪzənərz' raɪts,,7,1,textbook,,
1488,writs of habeas corpus,人身保护令状,人身保护令状,rɪts əv ˈhæbiəs ˈkɔrpəs,,7,1,textbook,,
1489,wolff v. mcdonnell,沃尔夫诉麦克唐纳案,沃尔夫诉麦克唐纳案,wʊlf vi. məkˈdɑnəl,,7,3,textbook,,
1490,county jail blues,县看守所蓝调,县看守所蓝调,ˈkaʊnti ʤeɪl bluz,,7,1,textbook,,
1491,friedman v. kennard,弗里德曼诉肯纳德案,弗里德曼诉肯纳德案,ˈfridmən vi. ˈkɛnərd,,7,1,textbook,,
1492,mccleskey v. kemp,麦克莱斯基诉肯普案,麦克莱斯基诉肯普案,məˈklɛski vi. kɛmp,,7,2,textbook,,
1493,kennedy v. louisiana,肯尼迪诉路易斯安那州案,肯尼迪诉路易斯安那州案,ˈkɛnədi vi. luˌiziˈænə,,7,2,textbook,,
1494,other issues,其他问题,其他问题,ˈəðər ˈɪʃuz,,7,1,textbook,,
1495,greenholtz v. inmates of nebraska penal and correctional complex,格林霍尔茨诉内布拉斯加监狱案,格林霍尔茨诉内布拉斯加监狱案,,,7,1,textbook,,
1496,ruffin v. commonwealth,拉芬诉弗吉尼亚州案,拉芬诉弗吉尼亚州案,ˈrəfɪn vi. ˈkɑmənˌwɛlθ,,7,1,textbook,,
1497,holt v. sarver,霍尔特诉萨弗案,霍尔特诉萨弗案,hoʊlt vi. ˈsɑrvər,,7,1,textbook,,
1498,trop v. dulles,特罗普诉达勒斯案,特罗普诉达勒斯案,,,7,1,textbook,,
1499,turner v. safley,特纳诉萨弗利案,特纳诉萨弗利案,ˈtərnər vi. ˈsæfli,,7,1,textbook,,
1500,johnson v. avery,约翰逊诉艾弗里案,约翰逊诉艾弗里案,ˈʤɑnsən vi. ˈeɪvəri,,7,1,textbook,,
1501,younger v. gilmore,扬格诉吉尔摩案,扬格诉吉尔摩案,ˈjəŋgər vi. ˈgɪlmɔr,,7,1,textbook,,
1502,hope v. pelzer,霍普诉佩尔泽案,霍普诉佩尔泽案,hoʊp vi. ˈpɛlzər,,7,1,textbook,,
1503,furman v. georgia,弗曼诉佐治亚州案,弗曼诉佐治亚州案,ˈfərˌmæn vi. ˈʤɔrʤə,,7,1,textbook,,
1504,gregg v. georgia,格雷格诉佐治亚州案,格雷格诉佐治亚州案,grɛg vi. ˈʤɔrʤə,,7,1,textbook,,
1505,coker v. georgia,科克诉佐治亚州案,科克诉佐治亚州案,ˈkoʊkər vi. ˈʤɔrʤə,,7,2,textbook,,
1506,batson v. kentucky,巴特森诉肯塔基州案,巴特森诉肯塔基州案,ˈbætsən vi. kənˈtəki,,7,1,textbook,,
1507,juvenile justice,少年司法,少年司法,ˈʤuvəˌnaɪl ˈʤəstɪs,,7,1,textbook,,
1508,patria potestas,家父权,家父权,,,7,1,textbook,,
1509,parens patriae,国家监护人,国家监护人,,,7,4,textbook,,
1510,in re gault,高尔特案,高尔特案,ɪn ri gɔlt,,7,3,textbook,,
1511,kent v. united states,肯特诉美国案,肯特诉美国案,kɛnt vi. juˈnaɪtɪd steɪts,,7,3,textbook,,
1512,in re winship,温希普案,温希普案,ɪn ri ˈwɪnˌʃɪp,,7,2,textbook,,
1513,breed v. jones,布里德诉琼斯案,布里德诉琼斯案,brid vi. ʤoʊnz,,7,2,textbook,,
1514,mckeiver v. pennsylvania,麦凯弗诉宾夕法尼亚州案,麦凯弗诉宾夕法尼亚州案,,,7,2,textbook,,
1515,schall v. martin,沙尔诉马丁案,沙尔诉马丁案,ʃɔl vi. ˈmɑrtɪn,,7,2,textbook,,
1516,treatment,改造,改造,ˈtritmənt,,7,1,textbook,,
1517,life without parole,不得假释的终身监禁,不得假释的终身监禁,laɪf wɪˈθaʊt pəroʊl,,7,1,textbook,,
1518,graham v. florida,格雷厄姆诉佛罗里达州案,格雷厄姆诉佛罗里达州案,græm vi. ˈflɔrɪdə,,7,1,textbook,,
1519,incapacitation,隔离,隔离,ˌɪnkəˌpæsɪˈteɪʃən,,7,1,textbook,,
1520,two case studies in criminal law,刑法中的两个案例研究,刑法中的两个案例研究,tu keɪs ˈstədiz ɪn ˈkrɪmənəl lɔ,,7,1,textbook,,
1521,rummel v. estelle,拉梅尔诉埃斯特尔案,拉梅尔诉埃斯特尔案,ˈrəməl vi. ɛˈstɛl,,7,3,textbook,,
1522,habitual offender statute,累犯制定法,累犯制定法,həˈbɪʧuəl əˈfɛndər ˈstæʧut,,7,1,textbook,,
1523,weems v. united states,威姆斯诉美国案,威姆斯诉美国案,wimz vi. juˈnaɪtɪd steɪts,,7,2,textbook,,
1524,habitual offender,累犯,累犯,həˈbɪʧuəl əˈfɛndər,,7,1,textbook,,
1525,solem v. helm,索勒姆诉赫尔姆案,索勒姆诉赫尔姆案,ˈsoʊlɪm vi. hɛlm,,7,2,textbook,,
1526,lockyer v. andrade,洛克耶诉安德拉德案,洛克耶诉安德拉德案,ˈlɑkjər vi. ˈænˌdreɪd,,7,2,textbook,,
1527,nix v. williams,尼克斯诉威廉姆斯案,尼克斯诉威廉姆斯案,nɪks vi. ˈwɪljəmz,,7,2,textbook,,
1528,english,中文,中文,ˈɪŋlɪʃ,,8,1,textbook,,
1529,icc,州际商务委员会,州际商务委员会,,,8,3,textbook,,
1530,nlrb,全国劳工关系委员会,全国劳工关系委员会,,,8,1,textbook,,
1531,delegation theory,授权理论,授权理论,ˌdɛləˈgeɪʃən ˈθɪri,,8,2,textbook,,
1532,delegate,授予,授予,ˈdɛləˌgeɪt,,8,2,textbook,,
1533,fcc,联邦通信委员会,联邦通信委员会,,,8,3,textbook,,
1534,delegation,授权,授权,ˌdɛləˈgeɪʃən,,8,12,textbook,,
1535,authorization statute,授权制定法,授权制定法,ˌɔθərəˈzeɪʃən ˈstæʧut,,8,1,textbook,,
1536,ultra vires,越权,越权,ˈəltrə vaɪrz,,8,5,textbook,,
1537,legislative veto,立法否决,立法否决,ˈlɛʤəsˌleɪtɪv ˈviˌtoʊ,,8,1,textbook,,
1538,rulemaking,规则制定,规则制定,ˈrulˌmeɪkɪŋ,,8,3,textbook,,
1539,schechter poultry co. v. united states,谢克特家禽公司诉美国案,谢克特家禽公司诉美国案,ˈʃɛktər ˈpoʊltri koʊ. vi. juˈnaɪtɪd steɪts,,8,1,textbook,,
1540,rulemaking authority,规则制定权,规则制定权,ˈrulˌmeɪkɪŋ əˈθɔrəti,,8,1,textbook,,
1541,osha,职业安全健康局,职业安全健康局,ˈoʊʃə,,8,5,textbook,,
1542,cpsc,消费品安全委员会,消费品安全委员会,,,8,1,textbook,,
1543,bob jones university v. united states,鲍勃·琼斯大学诉美国案,鲍勃·琼斯大学诉美国案,bɑb ʤoʊnz ˌjunəˈvərsəti vi. juˈnaɪtɪd steɪts,,8,2,textbook,,
1544,regulatory capture,规制俘获,规制俘获,ˈrɛgjələˌtɔri ˈkæpʧər,,8,2,textbook,,
1545,rule enforcement,规则执行,规则执行,rul ɛnˈfɔrsmənt,,8,1,textbook,,
1546,eeoc,平等就业机会委员会,平等就业机会委员会,,,8,1,textbook,,
1547,msha,矿安局,矿安局,,,8,1,textbook,,
1548,marchetti v. united states,马尔凯蒂诉美国案,马尔凯蒂诉美国案,mɑrˈkɛti vi. juˈnaɪtɪd steɪts,,8,2,textbook,,
1549,regulation and corporate responsibility,管制与公司责任,管制与公司责任,ˌrɛgjəˈleɪʃən ənd ˈkɔrpərət riˌspɑnsəˈbɪləti,,8,1,textbook,,
1550,bp,英国石油,英国石油,,,8,2,textbook,,
1551,marshall v. barlow's inc.,马歇尔诉巴洛案,马歇尔诉巴洛案,,,8,1,textbook,,
1552,administrative adjudication,行政裁判,行政裁判,ədˈmɪnɪˌstreɪtɪv əˌʤudəˈkeɪʃən,,8,1,textbook,,
1553,administrative law judge,行政法官,行政法官,ədˈmɪnɪˌstreɪtɪv lɔ ʤəʤ,,8,1,textbook,,
1554,goldberg v. kelly,戈德堡诉凯利案,戈德堡诉凯利案,ˈgoʊldbərg vi. ˈkɛli,,8,2,textbook,,
1555,cross-examine,交叉询问,交叉询问,,,8,2,textbook,,
1556,conflict of interest,利益冲突,利益冲突,ˈkɑnflɪkt əv ˈɪntəˌrɛst,,8,3,textbook,,
1557,judicial review and administrative law,司法审查与行政法,司法审查与行政法,ʤuˈdɪʃəl ˌrivˈju ənd ədˈmɪnɪˌstreɪtɪv lɔ,,8,1,textbook,,
1558,nrc,核管会,核管会,,,8,1,textbook,,
1559,cab,民航委员会,民航委员会,kæb,,8,1,textbook,,
1560,preclusion of judicial review,排除司法审查,排除司法审查,prɪˈkluʒən əv ʤuˈdɪʃəl ˌrivˈju,,8,1,textbook,,
1561,wellman v. whittier,惠尔曼诉惠蒂尔案,惠尔曼诉惠蒂尔案,ˈwɛlmən vi. ˈwɪtiər,,8,2,textbook,,
1562,johnson v. robison,约翰逊诉罗宾逊案,约翰逊诉罗宾逊案,ˈʤɑnsən vi. ˈrɑbɪsən,,8,2,textbook,,
1563,traynor v. turnage,特雷诺诉特尼奇案,特雷诺诉特尼奇案,ˈtreɪnər vi. ˈtərnɪʤ,,8,2,textbook,,
1564,va,退伍军人事务部,退伍军人事务部,,,8,2,textbook,,
1565,exhaustion of administrative remedies,穷尽行政救济,穷尽行政救济,ɪgˈzɔsʧən əv ədˈmɪnɪˌstreɪtɪv ˈrɛmədiz,,8,2,textbook,,
1566,primary jurisdiction,首先管辖权,首先管辖权,ˈpraɪˌmɛri ˌʤʊrɪsˈdɪkʃən,,8,4,textbook,,
1567,texas pacific railway co. v. abilene cotton oil co.,得州太平洋铁路公司诉阿比林棉油公司案,得州太平洋铁路公司诉阿比林棉油公司案,ˈtɛksəs pəˈsɪfɪk ˈreɪlˌweɪ koʊ. vi. ˈæbɪˌlin ˈkɔtən ɔɪl koʊ.,,8,2,textbook,,
1568,exhaustion of patience,耐心耗尽,耐心耗尽,ɪgˈzɔsʧən əv ˈpeɪʃəns,,8,1,textbook,,
1569,declaratory relief,确认性救济；宣告式救济,确认性救济；宣告式救济,dɪˈklɛrəˌtɔri rɪˈlif,,"8,9",2,textbook,,
1570,substantial evidence,实质性证据,实质性证据,səbˈstænʃəl ˈɛvədəns,,8,6,textbook,,
1571,consolidated edison v. national labor relations board,联合爱迪生诉全国劳工关系委员会案,联合爱迪生诉全国劳工关系委员会案,kənˈsɑləˌdeɪtəd ˈɛdɪsən vi. ˈnæʃənəl ˈleɪbər riˈleɪʃənz bɔrd,,8,2,textbook,,
1572,environmental law,环境法,环境法,ɪnˌvaɪrənˈmɛnəl lɔ,,9,33,textbook,,
1573,governmental agencies,行政机关,行政机关,ˌgəvərnˈmɛntəl ˈeɪʤənsiz,,9,1,textbook,,
1574,"environmental protection agency, epa",环境保护署,环境保护署,,,9,1,textbook,,
1575,environmental impact statements,环境影响报告书,环境影响报告书,ɪnˌvaɪrənˈmɛnəl ˌɪmˈpækt ˈsteɪtmənts,,9,1,textbook,,
1576,litigation,诉讼,诉讼,ˌlɪtəˈgeɪʃən,,9,1,textbook,,
1577,environmental legislation,环境立法,环境立法,ɪnˌvaɪrənˈmɛnəl ˌlɛʤəsˈleɪʃən,,9,1,textbook,,
1578,environmental law jurisprudence,环境法法理学,环境法法理学,ɪnˌvaɪrənˈmɛnəl lɔ ˌʤʊrəˈsprudəns,,9,1,textbook,,
1579,legal relations,法律关系,法律关系,ˈligəl riˈleɪʃənz,,9,1,textbook,,
1580,common law and the environment,普通法与环境,普通法与环境,ˈkɑmən lɔ ənd ðə ɪnˈvaɪrənmənt,,9,1,textbook,,
1581,law of nuisance,妨害法,妨害法,lɔ əv ˈnusəns,,9,2,textbook,,
1582,intentional nuisance,故意妨害,故意妨害,ˌɪnˈtɛnʃənəl ˈnusəns,,9,2,textbook,,
1583,negligent nuisance,过失妨害,过失妨害,ˈnɛglɪʤənt ˈnusəns,,9,1,textbook,,
1584,reckless nuisance,轻率妨害,轻率妨害,ˈrɛkləs ˈnusəns,,9,1,textbook,,
1585,private nuisance,私人妨害,私人妨害,ˈpraɪvət ˈnusəns,,9,4,textbook,,
1586,public nuisance,公共妨害,公共妨害,ˈpəblɪk ˈnusəns,,9,13,textbook,,
1587,money damages,金钱损害赔偿,金钱损害赔偿,ˈməni ˈdæmɪʤɪz,,9,1,textbook,,
1588,peace of the realm,王国安宁,王国安宁,pis əv ðə rɛlm,,9,1,textbook,,
1589,"clean air act, caa",清洁空气法,清洁空气法,,,9,1,textbook,,
1590,epa,环境保护署,环境保护署,,,9,12,textbook,,
1591,"national ambient air quality standards, naaqss",国家环境空气质量标准,国家环境空气质量标准,,,9,1,textbook,,
1592,"state implementation plan, sip",州实施计划,州实施计划,"steɪt ˌɪmpləmɛnˈteɪʃən plæn, sɪp",,9,1,textbook,,
1593,"federal implementation plan, fip",联邦实施计划,联邦实施计划,,,9,1,textbook,,
1594,"notice of violation, nov",违法通知,违法通知,"ˈnoʊtɪs əv vaɪəˈleɪʃən, noʊv",,9,1,textbook,,
1595,"administrative procedure act, apa",行政程序法,行政程序法,,,9,1,textbook,,
1596,citation,罚单,罚单,saɪˈteɪʃən,,9,1,textbook,,
1597,nonattainment,未达标,未达标,,,9,1,textbook,,
1598,"best available control measures, bacm",最佳可得控制措施,最佳可得控制措施,,,9,1,textbook,,
1599,massachusetts v. epa,马萨诸塞诉环保署案,马萨诸塞诉环保署案,,,9,2,textbook,,
1600,"endangered species act, esa",濒危物种法,濒危物种法,,,9,1,textbook,,
1601,taking,猎取；征收,猎取；征收,ˈteɪkɪŋ,,9,38,textbook,,
1602,snail darter,蜗牛镖鲈,蜗牛镖鲈,sneɪl ˈdɑrtər,,9,1,textbook,,
1603,tva v. hill,田纳西流域管理局诉希尔案,田纳西流域管理局诉希尔案,,,9,1,textbook,,
1604,tva,田纳西流域管理局,田纳西流域管理局,,,9,1,textbook,,
1605,take,猎取,猎取,teɪk,,9,1,textbook,,
1606,andrus v. allard,安德鲁斯诉阿拉德案,安德鲁斯诉阿拉德案,ˈændrəs vi. ˌæˈlɑrd,,9,1,textbook,,
1607,issues of environmental law,环境法的重要问题,环境法的重要问题,ˈɪʃuz əv ɪnˌvaɪrənˈmɛnəl lɔ,,9,1,textbook,,
1608,sierra club v. morton,塞拉俱乐部诉莫顿案,塞拉俱乐部诉莫顿案,siˈɛrə kləb vi. ˈmɔrtən,,9,1,textbook,,
1609,injury in fact,事实上的损害,事实上的损害,ˈɪnʤəri ɪn fækt,,9,5,textbook,,
1610,lujan v. defenders of wildlife,卢汉诉野生动物保护者案,卢汉诉野生动物保护者案,luˈjɑn vi. dɪˈfɛndərz əv ˈwaɪlˌdlaɪf,,9,1,textbook,,
1611,case and controversy,案件与争议,案件与争议,keɪs ənd ˈkɑntrəˌvərsi,,9,1,textbook,,
1612,bennett v. spear,贝内特诉斯皮尔案,贝内特诉斯皮尔案,ˈbɛnɪt vi. spɪr,,9,1,textbook,,
1613,private attorneys general,私人检察总长,私人检察总长,ˈpraɪvət əˈtərniz ˈʤɛnərəl,,9,1,textbook,,
1614,citizen suit,公民诉讼,公民诉讼,ˈsɪtɪzən sut,,9,2,textbook,,
1615,plain language,字面含义,字面含义,pleɪn ˈlæŋgwɪʤ,,9,1,textbook,,
1616,mugler v. kansas,马格勒诉堪萨斯州案,马格勒诉堪萨斯州案,,,9,1,textbook,,
1617,village of euclid v. ambler realty co.,欧几里得村诉安布勒房地产公司案,欧几里得村诉安布勒房地产公司案,ˈvɪlɪʤ əv ˈjuklɪd vi. ˈæmblər ˈriəlˌti koʊ.,,9,1,textbook,,
1618,penn central transportation co. v. new york city,宾州中央运输公司诉纽约市案,宾州中央运输公司诉纽约市案,pɛn ˈsɛntrəl ˌtrænspərˈteɪʃən koʊ. vi. nu jɔrk ˈsɪti,,9,1,textbook,,
1619,barrett v. new york,巴雷特诉纽约州案,巴雷特诉纽约州案,ˈbɛrɪt vi. nu jɔrk,,9,1,textbook,,
1620,miller v. schoene,米勒诉舍恩案,米勒诉舍恩案,ˈmɪlər vi. ʃɑin,,9,1,textbook,,
1621,bundle of rights,一束权利,一束权利,ˈbəndəl əv raɪts,,9,2,textbook,,
1622,lucas v. south carolina coastal council,卢卡斯诉南卡罗来纳州海岸委员会案,卢卡斯诉南卡罗来纳州海岸委员会案,ˈlukəs vi. saʊθ ˌkɛrəˈlaɪnə ˈkoʊstəl ˈkaʊnsəl,,9,1,textbook,,
1623,dolan v. city of tigard,多兰诉蒂加德市案,多兰诉蒂加德市案,,,9,1,textbook,,
1624,unconstitutional conditions,违宪条件,违宪条件,ˌənˌkɑnstəˈtuʃənəl kənˈdɪʃənz,,9,1,textbook,,
1625,physical taking,实体征收,实体征收,ˈfɪzɪkəl ˈteɪkɪŋ,,9,2,textbook,,
1626,regulatory taking,规制性征收,规制性征收,ˈrɛgjələˌtɔri ˈteɪkɪŋ,,9,2,textbook,,
1627,"tahoe-sierra preservation council, inc. v. tahoe regional planning agency",太浩—塞拉保护委员会诉太浩区域规划署案,太浩—塞拉保护委员会诉太浩区域规划署案,,,9,1,textbook,,
1628,two case studies in environmental law,环境法案例研究两则,环境法案例研究两则,tu keɪs ˈstədiz ɪn ɪnˌvaɪrənˈmɛnəl lɔ,,9,1,textbook,,
1629,rapanos v. united states,拉帕诺斯诉美国案,拉帕诺斯诉美国案,,,9,2,textbook,,
1630,kelo v. city of new london,新伦敦市诉凯洛案,新伦敦市诉凯洛案,,,9,3,textbook,,
1631,"clean water act, cwa",清洁水法,清洁水法,,,9,1,textbook,,
1632,the waters of the united states,美国水域,美国水域,ðə ˈwɔtərz əv ðə juˈnaɪtɪd steɪts,,9,2,textbook,,
1633,use by the public,公众使用,公众使用,juz baɪ ðə ˈpəblɪk,,9,1,textbook,,
1634,for public use,公用,公用,fər ˈpəblɪk juz,,9,1,textbook,,
1635,Congress,国会,国会,ˈkɑŋgrəs,〈美〉联邦立法机关，依 1787 年宪法第一条设立，由参议院（Senate）和众议院（House of Representatives）两院组成，1789 年召开第一届国会。,"1,2,3,4,5,6,7,8,9,10,11,12,13,14",196,dictionary,,
1636,President,总统,总统,ˈprɛzɪdənt,〈美〉联邦政府行政首长，兼三军统帅；由选举人团选举产生，任期 4 年。,"1,3,4,5,6,7,8,9,14",170,manual,,
1637,counsel,律师；代理律师,律师；代理律师,ˈkaʊnsəl,代表当事人参与诉讼，或代表、协助客户处理法律事务（谈判、起草文件等）的律师；〈英〉亦指出庭律师（barrister）。,"1,3,4,6,7,8,10,14",105,dictionary,,
1638,lawyer,律师,律师,ˈlɔjər,从事法律职业者的通称。美国常与 attorney 通用；英国则区分为 barrister（出庭律师）与 solicitor（事务律师）。,"2,3,4,6,7,8,11,12,13,14",85,manual,,
1639,attorney,律师；代理人,律师；代理人,əˈtərni,在美国指获准执业、代理他人处理法律事务者；在英国旧时指被准许在较高级别普通法院执业的代理人。,"1,3,4,6,7,8,10,11,12,13,14",64,dictionary,,
1640,Senate,参议院,参议院,ˈsɛnɪt,〈美〉美国国会两院之一（上院）。全院共 100 名参议员，每州 2 名，任期 6 年；与总统共同行使批准条约、任命官员等权力，并独享对总统弹劾案的审理权。,"3,5,6,14",62,manual,,
1641,bar,律师界；律师资格,律师界；律师资格,bɑr,"取得执业资格的律师群体；""pass the bar"" 指通过律师资格考试；亦指法庭内的围栏（律师席与旁听席的分界）。","2,3,5,6,7,10,12,13",40,dictionary,,
1642,department,〈美〉（联邦政府）部,〈美〉（联邦政府）部,dɪˈpɑrtmənt,联邦行政部门的组成单位，通常以内阁级部长为首长，如 Department of State（国务院）。,"1,2,4,6,7,8,9,10,13",32,dictionary,,
1643,regulation,行政法规；规章,行政法规；规章,ˌrɛgjəˈleɪʃən,政府各部门依据法定权限发布的从属性法律规范，区别于国会制定的 statute（成文法）。,"2,6,8,9,10,11,12,13,14",30,dictionary,,
1644,federal court,联邦法院,联邦法院,ˈfɛdərəl kɔrt,依美国宪法和国会立法设立、行使联邦司法权的法院系统，与各州法院系统并行；分地区法院、上诉法院和最高法院三级。,"1,3,4,5,6,9,12",26,manual,,
1645,motion,动议,动议,ˈmoʊʃən,诉讼中当事人向法院提出的、请求作出特定裁决或命令的正式申请，如 motion to dismiss、motion for summary judgment。,"2,4,5,6,7,10,13",23,dictionary,,
1646,Senator,参议员,参议员,ˈsɛnətər,美国参议院成员，每州 2 名，任期 6 年。,3,20,dictionary,,
1647,Representative,众议员,众议员,ˌrɛprɪˈzɛnətɪv,〈美〉众议院议员；亦泛指代表、诉讼代理人。,"1,2,3,4,5,13",11,dictionary,,
1648,interstate commerce,州际贸易,州际贸易,ˌɪntərˈsteɪt ˈkɑmərs,〈美〉不同州之间的商业交易；宪法赋予国会管理州际及对外贸易的权力。,"1,6,8",11,dictionary,,
1649,House of Representatives,众议院,众议院,haʊs əv ˌrɛprɪˈzɛnətɪvz,〈美〉国会两院中的下院，1789 年成立；现有 435 名议员，席位按各州人口分配，每州至少 1 名，任期 2 年；独享提出税收法案与启动弹劾程序的权力。,"3,5,6",7,dictionary,,
1650,sentencing,量刑,量刑,ˈsɛntənsɪŋ,法院对已作有罪答辩或已被定罪的刑事被告人正式宣告刑罚的判决程序；可判处的刑罚包括监禁、缓刑（probation）和罚金，美国还包括死刑。,7,7,dictionary,,
1651,Parliament,议会,议会,ˈpɑrləmɛnt,〈英〉英国最高立法机关，由国王、上议院（House of Lords）和下议院（House of Commons）组成。,"2,12,13",6,dictionary,,
1652,treaty,条约,条约,ˈtriti,两国或多国间正式签署和批准的、受国际法约束的国际协议；在美国须经参议院三分之二多数批准。,"3,4,5,11,12",6,dictionary,,
1653,bureaucracy,官僚制；官僚机构,官僚制；官僚机构,bjʊˈrɑkrəsi,指由训练有素的专业人员依固定规则持续推行的行政管理体制，也指职业行政官员集团或该体制的弊病（如文牍主义、拖沓）。,"1,8",5,dictionary,,
1654,federal system,联邦制,联邦制,ˈfɛdərəl ˈsɪstəm,联邦政府与各州政府分权并存的体制：联邦权力源于宪法列举，未列举的其余权力由各州保留（宪法第十条修正案）。,"1,4,6",5,manual,,
1655,interest group,利益集团,利益集团,ˈɪntəˌrɛst grup,为实现共同利益而组织、力图影响立法与公共政策的团体，主要通过游说（lobbying）争取有利法律、阻挠不利立法。,"1,3,14",5,manual,,
1656,High Court,〈英〉高等法院,〈英〉高等法院,haɪ kɔrt,英国高等法院（Senior Courts of England and Wales 的组成部分），主要审理重大民事案件，并受理下级法院上诉。,"3,5,6,13",4,manual,,
1657,civil law system,大陆法系,大陆法系,ˈsɪvəl lɔ ˈsɪstəm,以成文法典为主要法源、法官以适用法典为主的法律传统，区别于以判例为核心的普通法系（common law system）。,2,3,manual,,
1658,court of general jurisdiction,普通管辖法院,普通管辖法院,kɔrt əv ˈʤɛnərəl ˌʤʊrɪsˈdɪkʃən,对民、刑事各类案件均有管辖权（无专门限制）的法院，多为高等法院。,3,3,dictionary,,
1659,executive branch,行政部门,行政部门,ɪgˈzɛkjətɪv brænʧ,联邦政府三权之一，由总统领导，负责执行法律、管理联邦行政机构。,"1,6,7",3,manual,,
1660,justice of the peace,治安法官,治安法官,ˈʤəstɪs əv ðə pis,英美基层司法官员，多由非职业法律人士担任，处理轻微刑事、治安及预审事务。,"3,5",3,manual,,
1661,political party,政党,政党,pəˈlɪtɪkəl ˈpɑrti,通过竞选公职、组织政府以推行其政策纲领的政治组织。,"3,6",3,manual,,
1662,regulatory agency,制定规章的行政机构,制定规章的行政机构,ˈrɛgjələˌtɔri ˈeɪʤənsi,〈美〉为监督某一经济领域而设立的准司法性政府委员会，有权制定规章、执行规章并裁决违规案件，如联邦贸易委员会、证券交易委员会。,"8,9",3,dictionary,,
1663,bailiff,法庭执达官,法庭执达官,ˈbeɪlɪf,由郡长或行政司法官任命的领薪法庭事务官，职责包括送达文书、召集陪审团、征收罚金、执行拘捕与判决等。,"2,4",2,dictionary,,
1664,Associate Justice,〈美〉（最高法院）大法官,〈美〉（最高法院）大法官,əˈsoʊʃiˌeɪt ˈʤəstɪs,除首席大法官（Chief Justice）以外的美国最高法院法官。,4,1,manual,,
1665,Cabinet,内阁,内阁,ˈkæbənət,由各部部长等组成的顾问机构，与国家政策作集体决定；起源于英国查理二世时期。在美国指总统任命的各部部长的集体。,6,1,dictionary,,
1666,Inns of Court,〈英〉出庭律师公会,〈英〉出庭律师公会,ɪnz əv kɔrt,〈英〉自治性的出庭律师社团，兼具法律职业训练、同业纪律与资格授予职能，可追溯至 13 世纪；现存四所：林肯公会、格雷公会、中殿公会、内殿公会。,2,1,dictionary,,
1667,King's Bench,〈英〉王座法庭,〈英〉王座法庭,kɪŋz bɛnʧ,英国旧时三大中央普通法法庭之一，以国王名义审理案件；后并入高等法院王座分庭（Queen's Bench Division）。,2,1,manual,,
1668,Miranda rights,米兰达权利,米兰达权利,mərˈændə raɪts,"源自 Miranda v. Arizona, 384 U.S. 436 (1966)：警方在羁押讯问前，必须告知犯罪嫌疑人有权保持沉默、有权获得律师帮助；未告知而取得的陈述不得作为证据。",7,1,manual,,
1669,Restatement,法律重述,法律重述,riˈsteɪtmənt,美国法学会（American Law Institute）编纂的权威性法律整理著作，虽非立法，但对法院裁判有重要影响，如《合同法重述》。,2,1,manual,,
1670,bail,保释,保释,beɪl,刑事诉讼中，被逮捕或拘押的犯罪嫌疑人、被告人交纳一定金钱或提供保证人、满足法定条件，保证按传唤到案后予以释放的制度。,7,1,dictionary,,
1671,ballot,选票；投票,选票；投票,ˈbælət,选举中的投票方式与选票；不记名投票（secret ballot）源于 1856 年南澳大利亚。,5,1,dictionary,,
1672,bar exam,律师资格考试,律师资格考试,bɑr ɪgˈzæm,bar examination，取得律师执业资格须通过的考试。,6,1,dictionary,,
1673,circuit court,巡回法院；巡回上诉法院,巡回法院；巡回上诉法院,ˈsərkət kɔrt,〈美〉联邦中间上诉法院的旧称，1948 年后改称美国上诉法院（United States Courts of Appeals）。,6,1,dictionary,,
1674,court of limited jurisdiction,有限管辖权法院,有限管辖权法院,kɔrt əv ˈlɪmɪtɪd ˌʤʊrɪsˈdɪkʃən,只对特定类型案件或争议金额有限的案件有管辖权的法院，如遗嘱检验法院、小额索赔法院、青少年法院。,3,1,dictionary,,
1675,enumerated powers,明确列举的权力,明确列举的权力,ɪˈnumərˌeɪtɪd paʊərz,〈美〉宪法明确授予联邦政府某些机构或部门的权力，主要列举于宪法第一条；未列举者由各州或人民保留。,12,1,dictionary,,
1676,federal jurisdiction,联邦法院管辖权,联邦法院管辖权,ˈfɛdərəl ˌʤʊrɪsˈdɪkʃən,〈美〉联邦法院依宪法和国会立法享有的司法权力。,3,1,dictionary,,
1677,legislative branch,立法部门,立法部门,ˈlɛʤəsˌleɪtɪv brænʧ,联邦政府三权之一，即国会（参议院与众议院），负责制定法律。,7,1,manual,,
1678,prosecuting attorney,〈美〉检察官,〈美〉检察官,ˈprɑsɪˌkjutɪŋ əˈtərni,经选举或任命，在各司法管辖区、巡回审判区或县执行刑事追诉的政府官员，又称州检察官（state's attorney）或地区检察官（district attorney）。,4,1,dictionary,,
1679,states' rights,州权,州权,steɪts' raɪts,〈美〉联邦各州保留的权力；宪法第十条修正案规定未授予联邦、亦未禁止各州行使的权力，均归属于各州及其人民。,7,1,dictionary,,
